w_val,q2_val,gen_events,weight,rec_events,weight_rec,flux,cross_section,formfactor,cs_scaled,acceptance,acceptance_no_wt,luminosity_had,q_had,elec_cs,lumi_elec,q_elec,no_of_sec_45nA,no_year_45nA
1.4249999999999998,3.85,99427,2.83176,332,0.01604,5e-05,0.62469,1.20075,0.75009,0.005664321835183772,0.0033391332334275397,4.707265552073901e+35,3.5550680100248475e-07,2.848079495509268e-05,1.2397381546134666e+40,0.009363581228198387,208079.58284885302,0.006598160288205639
1.4249999999999998,4.6,113801,1.46519,1518,0.03066,3e-05,0.43868,1.14412,0.50191,0.020925613742927538,0.013339074349083048,1.904258673809947e+35,1.4381532163808977e-07,1.2875018672946635e-05,7.423418134377039e+39,0.005606811279740965,124595.8062164659,0.0039509070971735765
1.4249999999999998,5.5,142417,0.80015,3979,0.03392,2e-05,0.30171,1.0887,0.32847,0.042392051490345556,0.027939080306424093,1.4363155131481525e+35,1.0847485183506928e-07,5.618360167676612e-06,8.397228773584906e+39,0.006342317804822436,140940.3956627208,0.004469190628574354
1.4249999999999998,6.5,142011,0.35778,6248,0.02289,1e-05,0.20948,1.03836,0.21752,0.06397786349153112,0.04399659181331023,1.437146587987932e+35,1.0853761709749504e-07,2.5193823013710204e-06,1.2408125819134993e+40,0.009371696238017365,208259.9164003859,0.00660387862761244
1.4249999999999998,7.5,142281,0.17949,7740,0.01233,1e-05,0.15399,0.99647,0.15345,0.06869463479859603,0.05439939275096464,1.8973186856398533e+35,1.4329119293405734e-07,1.26151770088768e-06,2.3078832116788317e+40,0.0174311420821664,387358.7129370311,0.012283064210332036
1.4249999999999998,8.5,141941,0.09601,9363,0.00712,1e-05,0.11636,0.96082,0.1118,0.07415894177689823,0.06596402730712056,2.4122630700890435e+35,1.8218133600853736e-07,6.764078032421922e-07,3.987106741573034e+40,0.030114099256593908,669202.2057020868,0.02122026273788961
1.4249999999999998,10.0,283532,0.08836,22543,0.00768,0.0,0.08457,0.91596,0.07746,0.0869171570846537,0.07950778042690067,2.9706192443411648e+35,2.2435006754332486e-07,3.116403086776801e-07,7.383645833333333e+40,0.05576771777442094,1239282.6172093542,0.039297394000803974
1.4249999999999998,12.0,283453,0.03454,25304,0.00377,0.0,0.05593,0.86759,0.04852,0.10914881297046901,0.08927053162252649,3.776506064933163e+35,2.8521305527778585e-07,1.2185441678161813e-07,1.5037294429708222e+41,0.11357473134220711,2523882.9187157135,0.0800318023438519
1.4249999999999998,14.0,284534,0.01551,23998,0.00163,0.0,0.03947,0.82833,0.03269,0.10509348807221147,0.08434141438281541,5.821558533687907e+35,4.396615462342653e-07,5.451018156002446e-08,3.491214723926381e+41,0.2636869126832614,5859709.170739142,0.1858101588894959
1.4249999999999998,16.5,425762,0.01001,29360,0.00098,0.0,0.02798,0.78815,0.02205,0.0979020979020979,0.06895871402332758,9.26465824425008e+35,6.996947544936242e-07,2.3510787717081374e-08,8.689020408163266e+41,0.6562704235772859,14583787.190606354,0.462448858149618
1.4249999999999998,19.5,426040,0.00406,21396,0.00034,0.0,0.01903,0.74904,0.01426,0.08374384236453201,0.05022063655994742,1.6747793086379013e+36,1.2648435228743305e-06,9.529621631771665e-09,2.5061176470588233e+42,1.8928381020081746,42063068.93351499,1.3338111660805108
1.4249999999999998,23.0,571788,0.00226,15938,0.00013,0.0,0.01327,0.71209,0.00945,0.05752212389380531,0.027873967274584285,3.679283679283679e+36,2.778705293621085e-06,3.95251386877654e-09,8.796738461538462e+42,6.644062282128747,147645828.49174994,4.681818508743973
1.4249999999999998,27.5,714604,0.00109,6062,4e-05,0.0,0.00903,0.67395,0.00608,0.03669724770642202,0.008483019966303015,8.963815789473683e+36,6.76974230758529e-06,1.525320317266626e-09,3.5730199999999996e+43,26.986555891238666,599701242.0275259,19.016401637098106
1.475,3.25,71982,7.56436,1,0.0,8e-05,1.3753,1.25573,1.72701,0.0,1.3892361979383735e-05,0.0,0.0,0.00010508682726237114,0.0,0.0,0.0,0.0
1.475,3.85,100378,5.17226,395,0.02281,5e-05,1.0102,1.20075,1.213,0.004410064459249922,0.003935125226643289,3.73873133122721e+35,2.823601941867842e-07,5.152782482217219e-05,8.801227531784305e+39,0.006647452818568205,147721.1737459601,0.004684207691081942
1.475,4.6,114868,2.68788,1713,0.04544,3e-05,0.70997,1.14412,0.81229,0.016905516615325092,0.014912769439704704,1.4564327698825383e+35,1.0999416735008974e-07,2.339972838388411e-05,5.055809859154929e+39,0.0038185875069145984,84857.50015365775,0.0026908136781347586
1.475,5.5,143959,1.49763,4509,0.05611,2e-05,0.49572,1.0887,0.53969,0.03746586272977972,0.031321417903708695,9.891220581262749e+34,7.470146198370778e-08,1.040317034711272e-05,5.131313491356264e+39,0.0038756144194533712,86124.76487674158,0.00273099837889211
1.475,6.5,143060,0.67743,6967,0.03631,1e-05,0.3483,1.03836,0.36166,0.05359963391051475,0.04869984621836992,1.0317338851225399e+35,7.791963485556528e-08,4.735285894030476e-06,7.879922886257228e+39,0.005951603388411803,132257.85307581787,0.004193869009253484
1.475,7.5,143492,0.34246,8651,0.01943,1e-05,0.25707,0.99647,0.25617,0.056736553174093325,0.06028907534914838,1.3760644624682396e+35,1.0392451193023484e-07,2.386613887882251e-06,1.4770149253731344e+40,0.011155701853271407,247904.4856282535,0.007860999671114076
1.475,8.5,143486,0.18673,10552,0.0119,1e-05,0.19715,0.96082,0.18942,0.0637283778717935,0.07354027570634068,1.656804628725104e+35,1.2512685059475145e-07,1.301381319431861e-06,2.4115294117647055e+40,0.018213968366802908,404754.8525956202,0.012834692180226414
1.475,10.0,286181,0.17278,24982,0.01294,0.0,0.14392,0.91596,0.13182,0.07489292742215535,0.08729440459010207,2.025852779901964e+35,1.529984729176017e-07,6.037437845279735e-07,4.423199381761978e+40,0.033407850315422795,742396.6736760621,0.02354124409170669
1.475,12.0,287151,0.06874,27519,0.00602,0.0,0.09626,0.86759,0.08351,0.08757637474541752,0.09583459573534482,2.7346676209227132e+35,2.065302938541434e-07,2.3938624626067816e-07,9.539900332225912e+40,0.07205362788690266,1601191.730820059,0.05077345671042805
1.475,14.0,286444,0.03101,26201,0.00261,0.0,0.06854,0.82833,0.05677,0.08416639793614963,0.09146988591138233,4.185741079316486e+35,3.161197099400714e-07,1.0825850777115247e-07,2.1949731800766283e+41,0.16578347281545527,3684077.173676784,0.11682132082942619
1.475,16.5,431459,0.02036,32348,0.00152,0.0,0.04902,0.78815,0.03863,0.07465618860510806,0.07497352007954405,6.934888346935161e+35,5.237435501046115e-07,4.718872476874975e-08,5.6770921052631574e+41,0.42878339163619006,9528519.814137558,0.30214738121948115
1.475,19.5,430180,0.00837,23766,0.00051,0.0,0.03381,0.74904,0.02532,0.06093189964157706,0.05524664094100144,1.2963479230554782e+36,9.790407998304342e-07,1.94569715003022e-08,1.6869803921568624e+42,1.2741543747408326,28314541.66090739,0.8978482261830096
1.475,23.0,573580,0.00471,18451,0.00019,0.0,0.02393,0.71209,0.01704,0.04033970276008493,0.0321681369643293,2.909562638991845e+36,2.1973888973580885e-06,8.211583388542138e-09,6.037684210526316e+42,4.560184449038002,101337432.20084448,3.2133888952576255
1.475,27.5,716681,0.00231,7507,5e-05,0.0,0.01648,0.67395,0.01111,0.021645021645021648,0.010474674227445684,8.316831683168316e+36,6.281120521991024e-06,3.2231913501264858e-09,2.8667239999999997e+43,21.651993957703922,481155421.2823094,15.257338320722647
1.525,3.85,99915,7.03346,460,0.02736,6e-05,1.24763,1.20075,1.49809,0.0038899773369010415,0.004603913326327379,3.431982143032108e+35,2.5919357624289007e-07,7.039443526997949e-05,7.303728070175439e+39,0.0055164109291355274,122586.90953634506,0.0038872054013300694
1.525,4.6,114585,3.70364,2004,0.06544,4e-05,0.88317,1.14412,1.01045,0.017669103908587228,0.017489200157088623,1.120213088627268e+35,8.460184945451762e-08,3.2322206222454945e-05,3.501986552567237e+39,0.00264500494906891,58777.88775708689,0.0018638345940222886
1.525,5.5,143265,2.07885,5052,0.07591,2e-05,0.62045,1.0887,0.67548,0.036515381100127475,0.03526332321222909,8.1085213274998e+34,6.123798298844347e-08,1.4510522458381322e-05,3.7746015017784216e+39,0.002850907478684608,63353.49952632463,0.0020089262914232825
1.525,6.5,143361,0.95619,7670,0.05006,2e-05,0.43884,1.03836,0.45567,0.05235361172988632,0.053501300911684486,8.383645596710637e+34,6.331580391745817e-08,6.669805595664093e-06,5.727566919696365e+39,0.0043259568879881905,96132.37528862646,0.003048337623307536
1.525,7.5,143560,0.48319,9438,0.02843,1e-05,0.32347,0.99647,0.32233,0.05883813820650262,0.06574254667038172,1.0545576959375521e+35,7.964335744562737e-08,3.3657704095848425e-06,1.0099190995427365e+40,0.0076277877608968,169506.39468659557,0.005375012515429844
1.525,8.5,143266,0.2636,11364,0.01746,1e-05,0.24817,0.96082,0.23845,0.06623672230652504,0.0793209833456647,1.26629191919847e+35,9.563416050135714e-08,1.8399341085812406e-06,1.6410767468499423e+40,0.012394839477718597,275440.8772826355,0.008734172922457999
1.525,10.0,287897,0.2474,26845,0.01875,0.0,0.18192,0.91596,0.16663,0.07578819725141471,0.09324515364870076,1.5837084158514875e+35,1.1960640554727644e-07,8.593351094314981e-07,3.070901333333333e+40,0.023194118831822756,515424.8629293946,0.01634401518675148
1.525,12.0,286017,0.09777,28593,0.00852,0.0,0.12173,0.86759,0.10562,0.08714329548941394,0.09996958222762983,2.172950598878253e+35,1.6410774102244943e-07,3.418328281186083e-07,6.714014084507042e+40,0.05071007616697161,1126890.581488258,0.03573346592745617
1.525,14.0,286086,0.0445,27550,0.00377,0.0,0.08702,0.82833,0.07208,0.08471910112359551,0.09629971407199234,3.275170235252901e+35,2.47350671040926e-07,1.5554763253007835e-07,1.5176976127320953e+41,0.11462972905831534,2547327.3124070074,0.08077521919098832
1.525,16.5,430896,0.02927,34192,0.00214,0.0,0.06224,0.78815,0.04905,0.07311240177656303,0.07935093386803312,5.5769908637952876e+35,4.2119106289519573e-07,6.792822397980023e-08,4.027065420560748e+41,0.3041590196798148,6759089.326218107,0.2143293165340597
1.525,19.5,431128,0.01214,25551,0.00071,0.0,0.04308,0.74904,0.03227,0.0584843492586491,0.059265461765415375,1.0597205794419443e+36,8.003327387976317e-07,2.8158690690467796e-08,1.214445070422535e+42,0.9172545849112801,20383435.22025067,0.6463544907486894
1.525,23.0,573579,0.00684,20040,0.00027,0.0,0.03055,0.71209,0.02175,0.03947368421052632,0.03493851762355316,2.329501915708812e+36,1.7593096561504508e-06,1.1925122781691798e-08,4.2487333333333325e+42,3.209013091641489,71311402.03647754,2.261269724647309
1.525,27.5,716803,0.00335,8410,7e-05,0.0,0.021,0.67395,0.01415,0.0208955223880597,0.011732651788566733,6.764260474507825e+36,5.108572218493938e-06,4.673529547169864e-09,2.0480085714285716e+43,15.468342684505826,343740948.5445739,10.899953974650364
1.5750000000000002,3.85,100934,7.77172,563,0.0431,6e-05,1.2458,1.20075,1.4959,0.005545747916806061,0.005577902391661878,2.4108340058340435e+35,1.8207340879344786e-07,7.699803832207184e-05,4.683712296983759e+39,0.0035375470521025365,78612.1567133897,0.0024927751367766903
1.5750000000000002,4.6,114280,4.04237,2207,0.08654,4e-05,0.87888,1.14412,1.00555,0.02140823328888746,0.019312215610780538,9.290637102743971e+34,7.016567557392923e-08,3.537250612530626e-05,2.641090825051999e+39,0.001994781589918428,44328.47977596507,0.0014056468726523677
1.5750000000000002,5.5,143880,2.30704,5333,0.09691,3e-05,0.62115,1.0887,0.67625,0.042006207087870166,0.03706561023074784,7.040593145191978e+34,5.317266932400859e-08,1.6034473172087852e-05,2.9693530079455164e+39,0.00224271375222471,49838.083382771336,0.0015803552569371936
1.5750000000000002,6.5,143336,1.05217,8072,0.06421,2e-05,0.43616,1.03836,0.45289,0.061026260015016584,0.056315231344533125,7.236365745774814e+34,5.465120267181341e-08,7.3405843612211865e-06,4.464600529512537e+39,0.0033720547805985925,74934.55067996873,0.0023761590144586735
1.5750000000000002,7.5,143858,0.53772,10284,0.03911,1e-05,0.32357,0.99647,0.32243,0.07273302090307224,0.07148716095038163,8.528308979562183e+34,6.440834513678862e-08,3.737852604651809e-06,7.356583993863462e+39,0.005556332321649139,123474.0515922031,0.003915336491381377
1.5750000000000002,8.5,143541,0.29383,12213,0.0229,1e-05,0.24817,0.96082,0.23844,0.07793622162474902,0.08508370430748009,1.0762459626582977e+35,8.128132034274583e-08,2.0470109585414618e-06,1.2536331877729256e+40,0.009468528608556839,210411.74685681865,0.006672112723770251
1.5750000000000002,10.0,287358,0.27531,28241,0.02501,1e-05,0.18182,0.91596,0.16654,0.0908430496531183,0.09827810605586064,1.3219643090284e+35,9.983870621768747e-08,9.580732048524836e-07,2.297944822071171e+40,0.01735607871654963,385690.6381455473,0.012230169905680724
1.5750000000000002,12.0,287151,0.11003,29843,0.01137,0.0,0.122,0.86759,0.10585,0.10333545396709988,0.10392789856208058,1.828478177869897e+35,1.380921514893057e-07,3.831781884792322e-07,5.051029023746702e+40,0.03814976604038294,847772.5786751765,0.026882692119329542
1.5750000000000002,14.0,286246,0.0498,28319,0.00496,0.0,0.08683,0.82833,0.07192,0.0995983935742972,0.09893238682811288,2.7920808066310234e+35,2.1086630969194345e-07,1.7397623023553166e-07,1.1542177419354838e+41,0.08717656661144137,1937257.0358098082,0.0614300176246134
1.5750000000000002,16.5,430147,0.0328,35400,0.00278,0.0,0.06218,0.78815,0.04901,0.0847560975609756,0.08229744715178765,4.814756641942109e+35,3.636248502335253e-07,7.62530018807524e-08,3.0945827338129495e+41,0.23372981373209586,5193995.860713242,0.1647005283077512
1.5750000000000002,19.5,429552,0.01353,26577,0.00095,0.0,0.04279,0.74904,0.03205,0.07021433850702143,0.06187143814951391,8.88742918137778e+35,6.712052852033667e-07,3.149793272991396e-08,9.0432e+41,0.6830211480362538,15178247.734138973,0.481299078327593
1.5750000000000002,23.0,573109,0.00764,21560,0.00037,0.0,0.03026,0.71209,0.02155,0.048429319371727744,0.03761937083521634,1.9163479024267888e+36,1.4472833641165989e-06,1.3330797457377218e-08,3.0978864864864864e+42,2.3397934187964395,51995409.30658755,1.6487636132225885
1.5750000000000002,27.5,714997,0.00374,9195,9e-05,0.0,0.02076,0.67395,0.01399,0.024064171122994655,0.012860193818995044,5.940751330315303e+36,4.4866334342687884e-06,5.230791178144803e-09,1.588882222222222e+43,12.000621013763006,266680466.97251123,8.456382133831534
1.625,3.85,100334,9.44504,634,0.05538,7e-05,1.40235,1.20075,1.68387,0.005863394967093839,0.006318894891063847,2.025686744414404e+35,1.5298593342001387e-07,9.413598580740328e-05,3.6234741784037553e+39,0.0027367629746251924,60816.954991670944,0.001928492991871859
1.625,4.6,114456,5.00474,2432,0.11011,4e-05,0.99634,1.14412,1.13993,0.022001142916515143,0.021248339973439574,7.974557065689454e+34,6.022624473747794e-08,4.37263227790592e-05,2.0789392425756064e+39,0.0015701958025495515,34893.2400566567,0.001106457383836146
1.625,5.5,143140,2.82785,5672,0.12244,3e-05,0.69922,1.0887,0.76124,0.0432979118411514,0.039625541427972616,6.067942311355648e+34,4.582691874749375e-08,1.975583344976946e-05,2.33812479581836e+39,0.0017659552838507249,39243.45075223833,0.0012444016600785873
1.625,6.5,143479,1.30254,8694,0.08425,2e-05,0.49121,1.03836,0.51006,0.064681314969214,0.060594233302434505,6.062194812479732e+34,4.5783511913599666e-08,9.07826232410318e-06,3.4060296735905034e+39,0.00257252996494751,57167.33255438911,0.0018127642235663721
1.625,7.5,143509,0.661,10664,0.04844,1e-05,0.36214,0.99647,0.36086,0.07328290468986383,0.0743089283598938,7.562903794417529e+34,5.7117315870534914e-08,4.605982900027176e-06,5.925227085053676e+39,0.0044752470430919,99449.93429093111,0.003153536729164482
1.625,8.5,142969,0.35964,12846,0.0308,1e-05,0.27638,0.96082,0.26555,0.08564119675230786,0.0898516461610559,8.794293637072774e+34,6.641714097932765e-08,2.5155103553917285e-06,9.283701298701299e+39,0.007011858986934515,155819.0885985448,0.00494099088655964
1.625,10.0,287371,0.33887,29675,0.03277,1e-05,0.20227,0.91596,0.18527,0.09670375070085874,0.10326372528891224,1.116301672497408e+35,8.430644758684448e-08,1.1792073660877402e-06,1.7538663411657e+40,0.013246724631160875,294371.65847024164,0.009334464056007154
1.625,12.0,287067,0.13413,30534,0.01465,0.0,0.13409,0.86759,0.11633,0.10922239618280773,0.10636541295237698,1.5740791540131358e+35,1.1887917483672953e-07,4.67242838779797e-07,3.9190034129692835e+40,0.029599723662909992,657771.6369535554,0.020857801780617562
1.625,14.0,286379,0.0609,28771,0.00641,0.0,0.09545,0.82833,0.07907,0.10525451559934318,0.1004647687155832,2.4031314104467555e+35,1.8149168570702781e-07,2.1265525754332547e-07,8.93538221528861e+40,0.06748778108224025,1499728.4684942279,0.04755607776808181
1.625,16.5,429947,0.03986,36662,0.00368,0.0,0.06784,0.78815,0.05347,0.09232313095835425,0.08527097525974131,4.0514388401460384e+35,3.0597680236734674e-07,9.270910135435297e-08,2.3366684782608694e+41,0.17648553461184813,3921900.7691521808,0.12436265757078199
1.625,19.5,430934,0.01641,26968,0.00121,0.0,0.04632,0.74904,0.0347,0.07373552711761121,0.06258034873089614,7.816705170648057e+35,5.903409992181902e-07,3.80800772276033e-08,7.122876033057851e+41,0.5379815734937953,11955146.077639895,0.37909519525748014
1.625,23.0,572911,0.00918,22488,0.00047,0.0,0.03251,0.71209,0.02315,0.051198257080610016,0.03925217005782748,1.6874224530122698e+36,1.2743920043896003e-06,1.6023431213574185e-08,2.4379191489361703e+42,1.841328662338497,40918414.718633264,1.297514419033272
1.625,27.5,717803,0.00447,9926,0.00012,0.0,0.02204,0.67395,0.01485,0.026845637583892617,0.01382830665238234,5.016835016835017e+36,3.7888641468431514e-06,6.227335355243709e-09,1.196338333333333e+43,9.035788016112786,200795289.2469508,6.367176853340652
1.6749999999999998,3.85,100234,13.0225,699,0.07005,7e-05,1.79549,1.20075,2.15593,0.005379151468612018,0.006973681585090887,1.7245729358660523e+35,1.3024491623488046e-07,0.0001299209848953449,2.861784439685938e+39,0.0021614686100346965,48032.635778548814,0.0015231048889697112
1.6749999999999998,4.6,115051,7.04469,2635,0.14182,5e-05,1.28908,1.14412,1.47487,0.02013147491230984,0.02290288654596657,6.735977993263701e+34,5.0872124411024095e-08,6.123101928709877e-05,1.622493301367931e+39,0.0012254481128156577,27232.180284792394,0.0008635267720951418
1.6749999999999998,5.5,143101,4.01787,6132,0.15615,3e-05,0.91468,1.0887,0.99581,0.03886387563559797,0.04285085359291689,5.167820314090101e+34,3.902892767985877e-08,2.8077162283981245e-05,1.832865834133845e+39,0.0013843397538775264,30763.10564172281,0.0009754916806736051
1.6749999999999998,6.5,143568,1.89351,9055,0.10765,2e-05,0.65468,1.03836,0.67979,0.056852089505732735,0.06307115791819905,5.174981396914693e+34,3.908301032334939e-08,1.318894182547643e-05,2.6673107292150488e+39,0.002014585142911668,44768.5587313704,0.0014196016847847033
1.6749999999999998,7.5,143289,0.96641,11178,0.06209,1e-05,0.48517,0.99647,0.48346,0.06424809345929781,0.07801017524024872,6.438863276024156e+34,4.862822502850355e-08,6.744481432629162e-06,4.6155258495732e+39,0.0034860467141791538,77467.70475953675,0.0024564848033846003
1.6749999999999998,8.5,143266,0.53495,13361,0.03945,1e-05,0.37451,0.96082,0.35984,0.07374520983269464,0.09326008962349755,7.536795680491147e+34,5.692013957020728e-08,3.7339633967584773e-06,7.263168567807351e+39,0.0054857768639028325,121906.15253117406,0.003865618738304606
1.6749999999999998,10.0,286437,0.50698,30226,0.0422,1e-05,0.2764,0.91596,0.25317,0.08323799755414416,0.10552407684761396,9.490653770849138e+34,7.16762613915047e-08,1.7699529041290057e-06,1.3575213270142177e+40,0.01025318222820406,227848.4939600902,0.007225028347288502
1.6749999999999998,12.0,286519,0.20474,30904,0.01917,0.0,0.18616,0.86759,0.16151,0.09363094656637687,0.10786021171370834,1.3225471519162836e+35,9.988272425921634e-08,7.145773927732541e-07,2.98924360980699e+40,0.02257736865413134,501719.3034251409,0.015909414745850486
1.6749999999999998,14.0,286663,0.09429,29658,0.00835,0.0,0.13374,0.82833,0.11078,0.08855658076148054,0.10345946285359464,2.03867405106739e+35,1.5396677373819121e-07,3.2892281180340677e-07,6.8661796407185625e+40,0.05185936284530636,1152430.2854512525,0.03654332462744966
1.6749999999999998,16.5,429545,0.06247,36950,0.00469,0.0,0.09619,0.78815,0.07581,0.0750760364975188,0.08602125504894714,3.514003277748856e+35,2.653880581337403e-07,1.454329581301144e-07,1.831748400852879e+41,0.13834957710369175,3074435.0467487057,0.09748969579999701
1.6749999999999998,19.5,430362,0.02619,27429,0.00153,0.0,0.06678,0.74904,0.05002,0.05841924398625429,0.06373471635506853,6.844321095091375e+35,5.169036398377293e-07,6.085574469864905e-08,5.625647058823529e+41,0.4248978141105384,9442173.646900853,0.2994093622178099
1.6749999999999998,23.0,574391,0.01498,22887,0.00061,0.0,0.04762,0.71209,0.03391,0.04072096128170894,0.03984568003328743,1.4483855528858936e+36,1.0938641740698538e-06,2.6079795818527797e-08,1.883249180327869e+42,1.4223936407310187,31608747.571800414,1.002306810369115
1.6749999999999998,27.5,717246,0.00743,10671,0.00014,0.0,0.03294,0.67395,0.0222,0.01884253028263795,0.014877740691478238,4.781209781209781e+36,3.6109129077938075e-06,1.0359067879081933e-08,1.024637142857143e+43,7.738951230038843,171976694.0008632,5.453345192822907
1.725,3.85,100752,16.3991,798,0.09067,8e-05,2.10081,1.20075,2.52255,0.0055289619552292505,0.007920438303954265,1.43399161161121e+35,1.0829934382684162e-07,0.00016276699221851677,2.2223888827616627e+39,0.0016785414522369052,37300.921160820115,0.0011828044508124084
1.725,4.6,114850,8.94238,2841,0.16713,5e-05,1.52466,1.14412,1.7444,0.018689655326658002,0.024736612973443622,6.134548797726865e+34,4.632995089288471e-08,7.786138441445363e-05,1.3743792257524083e+39,0.0010380507747374684,23067.794994165964,0.0007314749807891287
1.725,5.5,143713,5.19546,6294,0.18007,3e-05,1.09122,1.0887,1.18801,0.034659106219661014,0.043795620437956206,4.857273300880405e+34,3.668358357284498e-08,3.615163555141149e-05,1.5961903704115064e+39,0.0012055818507639776,26790.707794755057,0.0008495277712695033
1.725,6.5,143513,2.45195,9499,0.12732,2e-05,0.78316,1.03836,0.8132,0.05192601806725259,0.06618912572380202,4.73639163664444e+34,3.57706490192919e-08,1.70852117926599e-05,2.2543669494187872e+39,0.0017026940705579961,37837.64601239991,0.0011998238842085209
1.725,7.5,143361,1.27178,11708,0.07758,2e-05,0.58769,0.99647,0.58562,0.06100111654531444,0.0816679571152545,5.598559667537349e+34,4.22820003590163e-08,8.871171378547862e-06,3.695823665893271e+39,0.002791407602638422,62031.2800586316,0.0019669989871458522
1.725,8.5,143112,0.70591,13732,0.04902,1e-05,0.45459,0.96082,0.43678,0.06944228017735972,0.09595282016881883,6.593914005407586e+34,4.979921460167348e-08,4.9325702945944435e-06,5.838922888616891e+39,0.004410062604695537,98001.39121545637,0.0031076037295616555
1.725,10.0,287256,0.67829,30908,0.05312,1e-05,0.33788,0.91596,0.30949,0.0783145852069174,0.10759740440582616,8.2516485535667485e+34,6.231892269138847e-08,2.361273567828e-06,1.0815361445783132e+40,0.008168701998325627,181526.71107390284,0.005756174247650394
1.725,12.0,287000,0.27689,31742,0.02315,0.0,0.22964,0.86759,0.19924,0.08360720863880963,0.1105993031358885,1.200631514224897e+35,9.067528994976943e-08,9.64773519163763e-07,2.4794816414686823e+40,0.018727202730125996,416160.06066946656,0.013196348955779634
1.725,14.0,286858,0.12856,29866,0.01013,0.0,0.16611,0.82833,0.13759,0.07879589296826384,0.10411423073437032,1.844758599002272e+35,1.3932169768161556e-07,4.481659915358819e-07,5.663534057255677e+40,0.04277593698833592,950576.377518576,0.03014257919579452
1.725,16.5,430585,0.08626,37543,0.0057,0.0,0.12051,0.78815,0.09498,0.06607929515418502,0.08719068244365225,3.186635782971854e+35,2.406642838888191e-07,2.0033210632047098e-07,1.5108245614035086e+41,0.11411061642020456,2535791.476004546,0.08040942021830752
1.725,19.5,431323,0.03652,27847,0.00185,0.0,0.0843,0.74904,0.06314,0.050657174151150064,0.06456182489688701,6.2529428383086904e+35,4.7224098167122497e-07,8.466972547255768e-08,4.662951351351351e+41,0.3521866579570506,7826370.176823347,0.2481725702950072
1.725,23.0,573792,0.02103,23297,0.00073,0.0,0.06058,0.71209,0.04314,0.03471231573941987,0.040601820868886286,1.3355688075142417e+36,1.0086615871265324e-06,3.6650911828676595e-08,1.5720328767123286e+42,1.1873360096014565,26385244.657810144,0.8366706195398955
1.725,27.5,716580,0.01051,11156,0.00017,0.0,0.04215,0.67395,0.02841,0.016175071360608945,0.015568394317452343,4.352237198997866e+36,3.28693995846074e-06,1.4666889949482263e-08,8.430352941176469e+42,6.367336058290384,141496356.85089743,4.48682004220248
1.775,3.85,100011,15.23056,823,0.0964,8e-05,1.84682,1.20075,2.21757,0.006329379878349844,0.008229094799572047,1.4249233259455226e+35,1.0761447971796106e-07,0.00015228884822669506,2.074917012448133e+39,0.0015671578643868072,34825.730319706825,0.0011043166641205868
1.775,4.6,114092,8.29839,2973,0.18809,5e-05,1.33271,1.14412,1.52478,0.022665842410395272,0.026057918171300355,5.78696617507988e+34,4.3704902764744956e-08,7.273419696385373e-05,1.2131639108937209e+39,0.000916286941762629,20361.932039169533,0.0006456726293496174
1.775,5.5,143493,4.84571,6439,0.20052,4e-05,0.9501,1.0887,1.03437,0.04138093282511747,0.04487326907932791,4.67254833961954e+34,3.528848530790378e-08,3.376966123783042e-05,1.431208856971873e+39,0.0010809734569273964,24021.632376164365,0.0007617209657586366
1.775,6.5,143135,2.28202,9756,0.14192,2e-05,0.67885,1.03836,0.70489,0.06219051542054845,0.06815942990882733,4.562306834381301e+34,3.445590842369383e-08,1.5943130610961682e-05,2.017122322435175e+39,0.0015235062858271712,33855.6952406038,0.0010735570535452754
1.775,7.5,143750,1.19495,11968,0.08691,2e-05,0.51014,0.99647,0.50834,0.07273107661408428,0.08325565217391305,5.409482183287923e+34,4.0854030536122065e-08,8.312695652173913e-06,3.308019790587964e+39,0.0024985043735558637,55522.319412352525,0.001760601199021833
1.775,8.5,142889,0.66052,14032,0.0563,1e-05,0.39375,0.96082,0.37832,0.08523587476533641,0.09820210093149227,6.202235779610107e+34,4.6841143264180244e-08,4.622609158157731e-06,5.075985790408525e+39,0.0038338261256861965,85196.13612635992,0.0027015517543873646
1.775,10.0,286588,0.63636,31414,0.06059,1e-05,0.29284,0.91596,0.26823,0.09521340121943553,0.10961380099655255,7.831132402530469e+34,5.914305870047933e-08,2.2204698033413822e-06,9.459910876382241e+39,0.007144947791829486,158776.6175962108,0.00503477351586158
1.775,12.0,287775,0.26102,32196,0.02637,0.0,0.19841,0.86759,0.17214,0.10102674124588155,0.11187907219181652,1.1500371045800177e+35,8.685424851446398e-08,9.070280601164103e-07,2.1825938566552897e+40,0.01648484785993421,366329.95244298247,0.011616246589389348
1.775,14.0,287781,0.12133,30166,0.01146,0.0,0.14326,0.82833,0.11867,0.09445314431715157,0.10482276453275234,1.7843195474684444e+35,1.3475715938890145e-07,4.2160531793273355e-07,5.022356020942408e+40,0.037933202575093715,842960.0572243048,0.026730088065204997
1.775,16.5,430583,0.08074,37724,0.00647,0.0,0.10317,0.78815,0.08132,0.0801337626950706,0.08761144773481536,3.06914276113372e+35,2.3179085878209498e-07,1.8751320883546264e-07,1.3310139103554867e+41,0.10052975153742345,2233994.47860941,0.07083950020958302
1.775,19.5,429765,0.03399,28206,0.00215,0.0,0.07186,0.74904,0.05383,0.06325389820535451,0.06563121706048655,5.873788714687496e+35,4.4360612602428027e-07,7.908973508778053e-08,3.997813953488372e+41,0.30194969437223346,6709993.208271855,0.21277248884677366
1.775,23.0,574293,0.01964,24060,0.00086,0.0,0.05147,0.71209,0.03665,0.04378818737270875,0.041894990884444004,1.2462324312319553e+36,9.411920785680501e-07,3.419857111265504e-08,1.3355651162790699e+42,1.0087349820838896,22416332.935197547,0.7108172544139253
1.775,27.5,717597,0.00979,11828,0.00019,0.0,0.0356,0.67395,0.024,0.01940755873340143,0.01648278908635348,4.293859649122806e+36,3.2428514833644027e-06,1.3642754916756899e-08,7.553652631578945e+42,5.705175703609474,126781682.30243276,4.020220773161871
1.825,3.85,100138,15.18503,838,0.10595,9e-05,1.7373,1.20075,2.08606,0.006977266426210551,0.008368451536879106,1.3740985877909514e+35,1.0377604318336616e-07,0.00015164103537118774,1.8902878716375647e+39,0.0014277098728380396,31726.886063067548,0.0010060529573524717
1.825,4.6,114935,8.37014,3285,0.22218,6e-05,1.25538,1.14412,1.43631,0.02654435887571773,0.028581372079871232,5.2457739387301675e+34,3.9617656813912596e-08,7.28249880367164e-05,1.0346115761994778e+39,0.0007814286829301191,17365.081842891534,0.0005506431330191379
1.825,5.5,143393,4.91216,6938,0.22832,4e-05,0.9032,1.0887,0.98331,0.04648057066545064,0.04838450970409992,4.375907049126444e+34,3.30481613860467e-08,3.425662340560557e-05,1.2560704274702171e+39,0.0009486936763370219,21082.081696378264,0.0006685084251768856
1.825,6.5,142680,2.32402,10097,0.15701,3e-05,0.64771,1.03836,0.67256,0.06755965955542552,0.07076675077095598,4.401609484279218e+34,3.3242273878704156e-08,1.62883375385478e-05,1.8174638558053624e+39,0.0013727068397321467,30504.59643849215,0.0009672944076132722
1.825,7.5,143104,1.21674,12239,0.09549,2e-05,0.48595,0.99647,0.48423,0.07848020119335274,0.08552521243291591,5.26281611307474e+34,3.974636442168068e-08,8.502487701252236e-06,2.997256257199707e+39,0.002263788713897059,50306.415864379094,0.0015952059825082158
1.825,8.5,142775,0.67606,14485,0.06251,1e-05,0.37476,0.96082,0.36007,0.09246220749637606,0.10145333566800911,6.007292783775308e+34,4.5368875340044617e-08,4.735142707056558e-06,4.5680691089425684e+39,0.0034502032544883442,76671.18343307431,0.002431227277811844
1.825,10.0,286776,0.65492,32154,0.06621,1e-05,0.27905,0.91596,0.2556,0.10109631710743298,0.11212235333500711,7.739872587317017e+34,5.84538372276793e-08,2.28373364577231e-06,8.662618939737199e+39,0.006542763549650451,145394.7455477878,0.004610437136852733
1.825,12.0,286969,0.26943,31739,0.02831,0.0,0.18971,0.86759,0.16459,0.10507367405262961,0.11060079660172353,1.1564653691674349e+35,8.733973032002378e-08,9.388819001355547e-07,2.0273330978452845e+40,0.015312183518468914,340270.7448548648,0.010789914537508397
1.825,14.0,285876,0.12474,30149,0.01253,0.0,0.13665,0.82833,0.11319,0.1004489337822671,0.10546180861632316,1.7590436014788996e+35,1.3284824420201642e-07,4.3634302984510767e-07,4.563064644852355e+40,0.03446423447773681,765871.8772830403,0.024285637914860488
1.825,16.5,430608,0.08419,37698,0.00714,0.0,0.0989,0.78815,0.07795,0.08480817199192303,0.08754598149593133,3.0253538233766882e+35,2.2848378697807476e-07,1.9551424961914317e-07,1.2061848739495798e+41,0.09110157658229454,2024479.4796065453,0.06419582317372353
1.825,19.5,429172,0.03551,28236,0.00236,0.0,0.06897,0.74904,0.05166,0.06646015206983949,0.06579180375234171,5.8252459037907565e+35,4.399400274745681e-07,8.274071933863346e-08,3.637050847457626e+41,0.27470172563879347,6104482.7919731885,0.19357187950194027
1.825,23.0,573841,0.02051,24286,0.00095,0.0,0.04923,0.71209,0.03505,0.046318868844466114,0.042321827823386615,1.2319243186425406e+36,9.303861631618009e-07,3.574160786698755e-08,1.2080863157894736e+42,0.9124519001431068,20276708.89206904,0.6429702210828591
1.825,27.5,717143,0.01029,12046,0.00021,0.0,0.03418,0.67395,0.02303,0.02040816326530612,0.016797207809321153,4.2553191489361705e+36,3.213744542660048e-06,1.434860271940185e-08,6.829933333333332e+42,5.158559919436051,114634664.87635669,3.6350413773578354
1.875,3.85,100554,15.57805,891,0.11968,9e-05,1.68508,1.20075,2.02335,0.0076826046905742375,0.008860910555522405,1.2866205830353085e+35,9.716944211428958e-08,0.00015492223084114009,1.6803810160427806e+39,0.001269169951693943,28203.776704309843,0.0008943358924502106
1.875,4.6,114783,8.62675,3479,0.24648,6e-05,1.22491,1.14412,1.40145,0.028571594169298987,0.030309366369584347,4.994797837066534e+34,3.772221008282255e-08,7.515703544950036e-05,9.313777994157738e+38,0.0007034575524288322,15632.390053974048,0.0004956998368205875
1.875,5.5,142834,5.05794,7104,0.2468,4e-05,0.87925,1.0887,0.95724,0.04879456853976124,0.049736057241273085,4.281911386646659e+34,3.23382779748256e-08,3.541131663329459e-05,1.1574878444084281e+39,0.0008742355320305347,19427.456267345216,0.0006160405970112004
1.875,6.5,143702,2.44539,10194,0.17255,3e-05,0.63506,1.03836,0.65942,0.07056134195363521,0.07093846988907601,4.298342806650217e+34,3.2462372982782394e-08,1.7017090924273847e-05,1.6656273543900313e+39,0.0012580267027115038,27956.148949144528,0.000886483667844512
1.875,7.5,142953,1.28303,12326,0.10556,2e-05,0.48005,0.99647,0.47836,0.08227399203448088,0.08622414359964464,5.08174148499859e+34,3.8378834566864964e-08,8.975187649087461e-06,2.708469117089807e+39,0.0020456715385874674,45459.367524165944,0.0014415070879048055
1.875,8.5,143496,0.72309,14643,0.06779,1e-05,0.37236,0.96082,0.35777,0.09375043217303518,0.10204465629703964,5.962835058951718e+34,4.5033117279297016e-08,5.039095166415788e-06,4.2335447706151345e+39,0.003197541367534089,71056.47483409087,0.0022531860360886246
1.875,10.0,286763,0.69917,31945,0.07266,1e-05,0.27736,0.91596,0.25405,0.10392322325042551,0.1113986113968678,7.575271247139581e+34,5.721071857971135e-08,2.43814578589288e-06,7.89328378750344e+39,0.005961694703552446,132482.1045233877,0.0042009799760079816
1.875,12.0,287047,0.29189,32018,0.03073,1e-05,0.19072,0.86759,0.16546,0.1052793860700949,0.11154270903371225,1.1481367862845387e+35,8.671073078200578e-08,1.0168718014819872e-06,1.8681874389847054e+40,0.014110177031606535,313559.4895912563,0.009942906189474134
1.875,14.0,287011,0.13688,30268,0.01386,0.0,0.1383,0.82833,0.11456,0.10125657510227937,0.10545937263728568,1.7241448805694616e+35,1.3021258821610613e-07,4.769155189173934e-07,4.141572871572871e+40,0.03128076186988573,695128.0415530163,0.022042365599727814
1.875,16.5,430604,0.09254,38085,0.00785,0.0,0.10041,0.78815,0.07914,0.08482818240760752,0.08844553232204067,2.979159725005593e+35,2.2499507023680937e-07,2.1490743235083743e-07,1.09708025477707e+41,0.08286104643331343,1841356.5874069652,0.0583890343546095
1.875,19.5,430027,0.03949,28159,0.00255,0.0,0.07053,0.74904,0.05283,0.06457330969865789,0.06548193485525328,5.862682002575778e+35,4.4276731384153595e-07,9.183144314194225e-08,3.3727607843137252e+41,0.25474024050707894,5660894.233490643,0.17950577858608077
1.875,23.0,572946,0.02302,24623,0.00103,0.0,0.05088,0.71209,0.03623,0.044743701129452654,0.04297612689503025,1.2337573592661769e+36,9.317705303724618e-07,4.017830650707047e-08,1.1125165048543689e+42,0.8402692634851728,18672650.299670506,0.5921058567881312
1.875,27.5,716986,0.01163,12376,0.00024,0.0,0.03544,0.67395,0.02389,0.02063628546861565,0.017261145963798456,4.05678805636947e+36,3.0638079120681744e-06,1.6220679343808665e-08,5.974883333333333e+42,4.512751762336354,100283372.49636342,3.1799648812900627
1.925,3.85,99769,15.89273,958,0.12951,0.0001,1.6524,1.20075,1.98412,0.008149009012296817,0.009602181038198238,1.2369645764919595e+35,9.341927169337356e-08,0.00015929527207850133,1.540715002702494e+39,0.0011636820262103428,25859.60058245206,0.0008200025552527924
1.925,4.6,114730,8.89851,3709,0.27905,6e-05,1.20053,1.14412,1.37356,0.03135918260472821,0.03232807460995381,4.643202521165604e+34,3.506685689272414e-08,7.756044626514425e-05,8.222899122021141e+38,0.0006210648883701767,13801.441963781706,0.00043764085374751733
1.925,5.5,143280,5.31774,7421,0.2763,4e-05,0.87175,1.0887,0.94907,0.051958162678130186,0.051793690675600225,4.0558133903002383e+34,3.063071815044361e-08,3.71143216080402e-05,1.0371335504885993e+39,0.0007833334973478845,17407.41105217521,0.0005519853834403606
1.925,6.5,143093,2.56384,10727,0.19046,3e-05,0.63033,1.03836,0.6545,0.07428700698951572,0.07496523240130544,4.1134619437304577e+34,3.106609730179335e-08,1.7917298540110278e-05,1.5026042213588156e+39,0.001134897448156205,25219.943292360113,0.0007997191556430781
1.925,7.5,143470,1.35626,12512,0.11222,2e-05,0.47529,0.99647,0.47362,0.08274224706177281,0.08720986965916219,5.103553257798016e+34,3.854356361149472e-08,9.453265491043423e-06,2.55694172161825e+39,0.0019312248652705814,42916.10811712403,0.001360860861146754
1.925,8.5,143472,0.77016,14829,0.07554,1e-05,0.37199,0.96082,0.35741,0.0980835151137426,0.10335814653730345,5.7051527205069195e+34,4.3087023038342413e-08,5.368016058882569e-06,3.7985702938840357e+39,0.0028690107959849207,63755.795466331576,0.0020216830119968157
1.925,10.0,287113,0.75263,32550,0.08008,1e-05,0.27884,0.91596,0.25541,0.1064002232172515,0.11336999717881113,7.359521180436572e+34,5.558130942101481e-08,2.6213720730165475e-06,7.170654345654346e+39,0.005415902073757059,120353.37941682353,0.0038163806258505687
1.925,12.0,286585,0.31378,32197,0.03343,1e-05,0.19143,0.86759,0.16608,0.10653961374211231,0.11234712214526231,1.1303203369188888e+35,8.536517913442253e-08,1.0948933126297607e-06,1.714537840263237e+40,0.01294968157298517,287770.7016218927,0.009125149087452204
1.925,14.0,285726,0.14824,30200,0.01474,0.0,0.13991,0.82833,0.1159,0.09943335132218024,0.10569566647767442,1.7354594975549736e+35,1.3106710199795888e-07,5.188187284321343e-07,3.876879240162822e+40,0.029281565258027352,650701.4501783856,0.020633607628690563
1.925,16.5,429807,0.10111,37992,0.00844,0.0,0.10197,0.78815,0.08037,0.08347344476312926,0.08839316251247653,2.981176513600899e+35,2.2514738415534316e-07,2.3524512164762324e-07,1.0185e+41,0.07692598187311178,1709466.2638469285,0.05420681962984933
1.925,19.5,429510,0.0434,28300,0.00276,0.0,0.07182,0.74904,0.0538,0.06359447004608294,0.06588903634374055,5.8455902160443944e+35,4.4147649090283165e-07,1.0104537729040069e-07,3.1123913043478262e+41,0.2350748719295941,5223886.042879868,0.16564833976661175
1.925,23.0,573016,0.02552,25084,0.00111,0.0,0.05208,0.71209,0.03708,0.04349529780564264,0.043775391961131976,1.2400750264827932e+36,9.365418219793015e-07,4.4536278219107325e-08,1.0324612612612608e+42,0.7798045779918887,17328990.62204197,0.5494986879135582
1.925,27.5,718437,0.01309,12506,0.00025,0.0,0.03666,0.67395,0.02471,0.01909854851031322,0.017407232645311976,4.237960339943342e+36,3.20063464990812e-06,1.8220108374151107e-08,5.747495999999999e+42,4.341009063444107,96466868.07653572,3.058944320032208
1.975,3.85,99658,16.50571,1008,0.14391,0.0001,1.64527,1.20075,1.97556,0.0087188009482779,0.010114591904312749,1.1611357820570989e+35,8.769245389752275e-08,0.00016562353248108532,1.3850045167118335e+39,0.0010460759189666415,23246.131532592033,0.0007371299953257241
1.975,4.6,113492,9.26573,3860,0.30953,7e-05,1.20516,1.14412,1.37885,0.03340589462460055,0.03401120783843795,4.34200046239716e+34,3.2792088682102254e-08,8.16421421774222e-05,7.333182567117887e+38,0.0005538657528034657,12308.127840077015,0.0003902881735184239
1.975,5.5,141075,5.47804,7574,0.28529,4e-05,0.86636,1.0887,0.94321,0.05207884571854167,0.05368775474038632,4.071554469708431e+34,3.07495994993462e-08,3.883069289385079e-05,9.88993655578534e+38,0.0007469740601046329,16599.42355788073,0.0005263642680707995
1.975,6.5,141832,2.67077,10877,0.1985,3e-05,0.62706,1.03836,0.65111,0.07432313527559468,0.07668932257882566,4.132868702765945e+34,3.1212662961754733e-08,1.8830517795701956e-05,1.4290377833753148e+39,0.0010793336732441952,23985.192738759895,0.0007605654724365771
1.975,7.5,141724,1.41229,12818,0.12218,2e-05,0.47291,0.99647,0.47124,0.08651197700189055,0.09044339702520392,4.905820024304805e+34,3.705022297639759e-08,9.965072958708475e-06,2.3199214274021935e+39,0.0017522065161647985,38937.92258143997,0.001234713425337391
1.975,8.5,141360,0.80486,15137,0.07982,2e-05,0.37153,0.96082,0.35697,0.09917252689908804,0.10708121109224675,5.649459469929424e+34,4.2666410920092316e-08,5.69368986983588e-06,3.541969431220246e+39,0.0026752034979004875,59448.96662001083,0.001885114365170308
1.975,10.0,284638,0.7878,32377,0.08379,1e-05,0.27642,0.91596,0.25319,0.10635948210205637,0.11374798867333244,7.4268941270364e+34,5.60901301037414e-08,2.7677260239321524e-06,6.79408043919322e+39,0.005131480694254697,114032.90431677105,0.003615959675189341
1.975,12.0,284074,0.3288,32034,0.03495,1e-05,0.18941,0.86759,0.16433,0.10629562043795622,0.11276639185564324,1.1449796533668118e+35,8.647229464291304e-08,1.1574448911199194e-06,1.625602288984263e+40,0.012277962907736124,272843.6201719139,0.008651814439748664
1.975,14.0,285969,0.15752,30096,0.0156,0.0,0.13869,0.82833,0.11488,0.09903504316912139,0.10524217659956149,1.7579101492750517e+35,1.3276264249490609e-07,5.508289360035528e-07,3.6662692307692304e+40,0.027690855217290256,615352.3381620056,0.019512694639840362
1.975,16.5,426771,0.10629,37711,0.00876,0.0,0.10054,0.78815,0.07924,0.08241603161162857,0.08836354860100616,3.0624840090448294e+35,2.3128796986970992e-07,2.4905628545519726e-07,9.7436301369863e+40,0.07359237263584818,1635386.058574404,0.051857751730543
1.975,19.5,428635,0.04579,28680,0.00297,0.0,0.07055,0.74904,0.05284,0.06486132343306399,0.06691007500554084,5.835544442660264e+35,4.407178039921655e-07,1.0682748725605702e-07,2.8864309764309765e+41,0.21800838190566285,4844630.7090147305,0.15362223202101505
1.975,23.0,570984,0.0268,25315,0.00118,0.0,0.05087,0.71209,0.03622,0.04402985074626866,0.04433574320821599,1.2541062621082086e+36,9.471386316050211e-07,4.693651660992252e-08,9.677694915254235e+41,0.7309437247170871,16243193.882601937,0.5150682991692649
1.975,27.5,716506,0.0137,12764,0.00026,0.0,0.03558,0.67395,0.02398,0.01897810218978102,0.017814226259096226,4.3946878809264126e+36,3.3189999855950548e-06,1.9120565633783946e-08,5.511584615384615e+42,4.1628282593539385,92507294.65230975,2.9333870704055602
2.025,3.25,71856,22.0109,1,0.00036,0.00015,2.04286,1.25573,2.56527,1.6355532940497663e-05,1.3916722333556001e-05,4.766857982893722e+37,3.600073999617643e-05,0.0003063195836116678,3.992e+41,0.30151057401812686,6700234.978180598,0.2124630574004502
2.025,3.85,100562,16.27699,1057,0.15389,0.0001,1.54564,1.20075,1.85592,0.009454450730755501,0.010510928581372685,1.1398151910342778e+35,8.608225897094462e-08,0.0001618602454207355,1.3069335239456753e+39,0.0009871099123456761,21935.775829903916,0.0006955788885687442
2.025,4.6,114535,9.09353,3985,0.31726,7e-05,1.12195,1.14412,1.28365,0.034888541633447075,0.03479285807831667,4.46581321501594e+34,3.372715969349701e-08,7.93952067053739e-05,7.220260984681334e+38,0.0005453369323777442,12118.598497283205,0.0003842782374836125
2.025,5.5,143129,5.44917,7955,0.29863,5e-05,0.80994,1.0887,0.88178,0.05480284153366476,0.055579232720133584,4.138725988906614e+34,3.125689894197276e-08,3.8071739479769995e-05,9.585708066838561e+38,0.0007239960775557825,16088.801723461835,0.0005101725559190079
2.025,6.5,143192,2.66338,10904,0.20196,3e-05,0.58852,1.03836,0.6111,0.07582845857519392,0.07614950555896978,4.316040230062197e+34,3.259602922786947e-08,1.860006145594726e-05,1.4180233709645477e+39,0.0010710146306378758,23800.32512528613,0.000754703358868789
2.025,7.5,142943,1.40706,13238,0.12893,2e-05,0.44259,0.99647,0.44103,0.09163077622844797,0.09261034118494785,4.949034687365426e+34,3.73765930621964e-08,9.843504054063508e-06,2.217373768711704e+39,0.0016747536017459998,37216.74670546666,0.001180135296342804
2.025,8.5,143566,0.80471,15161,0.08348,2e-05,0.34571,0.96082,0.33216,0.10373923525245118,0.10560299792429963,5.804163285334574e+34,4.383478049493674e-08,5.6051572099243554e-06,3.4395304264494493e+39,0.002597832648375717,57729.61440834926,0.001830594064191694
2.025,10.0,287869,0.7916,32507,0.08604,1e-05,0.25882,0.91596,0.23706,0.10869125821121779,0.11292289200990728,7.762061857788907e+34,5.8621417247858215e-08,2.7498619163577876e-06,6.691515574151557e+39,0.0050540147841023845,112311.43964671966,0.0035613723885946115
2.025,12.0,285722,0.329,32204,0.0366,1e-05,0.17703,0.86759,0.15359,0.11124620060790273,0.11271095680416629,1.1705281643663475e+35,8.840179475616248e-08,1.151468910339421e-06,1.5613224043715845e+40,0.011792465289815592,262054.78421812426,0.008309702695907036
2.025,14.0,286424,0.15624,30106,0.01584,0.0,0.12871,0.82833,0.10661,0.10138248847926268,0.10510990699103427,1.8504148510714496e+35,1.3974887478826745e-07,5.45485015222188e-07,3.6164646464646463e+40,0.027314687662119683,606993.0591582152,0.019247623641495914
2.025,16.5,430656,0.10654,37504,0.00895,0.0,0.09336,0.78815,0.07358,0.08400600713347099,0.08708574825382671,3.2356375685037075e+35,2.443650455784085e-07,2.4739002823599343e-07,9.62359776536313e+40,0.07268578372630763,1615239.6383623919,0.051218912936402586
2.025,19.5,430011,0.04581,28864,0.00304,0.0,0.0656,0.74904,0.04914,0.06636105653787383,0.06712386427323952,6.1331212647002106e+35,4.6319169735671095e-07,1.0653215847966679e-07,2.8290197368421054e+41,0.21367218556209253,4748270.790268723,0.15056667904200668
2.025,23.0,574031,0.0268,25563,0.00125,0.0,0.04708,0.71209,0.03352,0.04664179104477612,0.04453243814358458,1.2792362768496419e+36,9.661175718220993e-07,4.668737402683827e-08,9.184495999999999e+41,0.6936930513595164,15415401.141322587,0.48881916353762644
2.025,27.5,716929,0.01367,12800,0.00028,0.0,0.03293,0.67395,0.02219,0.020482809070958303,0.01785392974757612,4.400309019506856e+36,3.3232452379026173e-06,1.9067439035106686e-08,5.120921428571428e+42,3.867765429434613,85950342.87632474,2.7254674935414998
2.075,3.85,99906,16.23849,1072,0.15859,0.00011,1.49724,1.20075,1.79781,0.009766302162331597,0.010730086281104239,1.1390847745939641e+35,8.602709573249483e-08,0.00016253768542429884,1.2599281165268931e+39,0.0009516073387665355,21146.829750367455,0.0006705615725002364
2.075,4.6,114676,9.17069,4139,0.32775,7e-05,1.08564,1.14412,1.2421,0.035738859344280526,0.03609299243084865,4.505393691486411e+34,3.4026083313091236e-08,7.99704384526841e-05,6.997772692601068e+38,0.0005285326807100504,11745.170682445563,0.00037243691915415917
2.075,5.5,142804,5.49695,7959,0.3052,5e-05,0.7836,1.0887,0.8531,0.055521698396383455,0.0557337329486569,4.222477179442547e+34,3.188941303105919e-08,3.849296938461107e-05,9.358060288335516e+38,0.0007068021365812323,15706.714146249607,0.0004980566383260276
2.075,6.5,143035,2.6881,11016,0.20868,3e-05,0.567,1.03836,0.58875,0.07763104051188573,0.07701611493690355,4.375862513821587e+34,3.304782504207829e-08,1.8793302338588458e-05,1.3708548974506417e+39,0.0010353888953554694,23008.64211901043,0.0007295992554227052
2.075,7.5,142701,1.4341,13251,0.13112,2e-05,0.42963,0.99647,0.42811,0.09143016526044208,0.0928584943343074,5.109579003041434e+34,3.858907184533973e-08,1.0049684304945304e-05,2.1766473459426483e+39,0.0016439934637029064,36533.18808228681,0.0011584597945930623
2.075,8.5,143352,0.81456,15349,0.08517,2e-05,0.33242,0.96082,0.31939,0.10455951679434296,0.10707210223784809,5.988873140427815e+34,4.52297646735731e-08,5.682236731960489e-06,3.366255723846425e+39,0.0025424892174066654,56499.760386814785,0.0017915956489984394
2.075,10.0,286838,0.80227,32411,0.08835,1e-05,0.24895,0.91596,0.22803,0.11012502025502635,0.11299409422740363,7.964380623772907e+34,6.014938919849639e-08,2.796944616822039e-06,6.49322014714205e+39,0.004904244824125414,108983.21831389809,0.0034558351824549114
2.075,12.0,287476,0.33559,31887,0.03615,1e-05,0.16919,0.86759,0.14679,0.10772073065347597,0.11092056380358709,1.2648360483738825e+35,9.552420877379974e-08,1.1673670149855989e-06,1.5904619640387274e+40,0.012012552598479814,266945.6132995514,0.008464789868707237
2.075,14.0,286341,0.15863,29792,0.01598,0.0,0.12292,0.82833,0.10182,0.1007375654037698,0.1040437799686388,1.9498690786386142e+35,1.4725995609384594e-07,5.539898233225419e-07,3.583742177722152e+40,0.027067539106662777,601500.8690369506,0.01907346743521533
2.075,16.5,430856,0.10797,37591,0.00926,0.0,0.0887,0.78815,0.06991,0.08576456423080485,0.08724724734017862,3.335667919846344e+35,2.51919637478011e-07,2.505941660322706e-07,9.305745140388769e+40,0.07028508414190912,1561890.7587090917,0.04952723106002954
2.075,19.5,429785,0.04635,28797,0.00314,0.0,0.06213,0.74904,0.04654,0.06774541531823085,0.06700326907639867,6.343423505292345e+35,4.790743527899965e-07,1.0784461998441082e-07,2.737484076433121e+41,0.20675861604479762,4594635.912106614,0.14569494901403518
2.075,23.0,574252,0.02714,25660,0.00127,0.0,0.04448,0.71209,0.03167,0.04679439941046426,0.044684215292241036,1.3495471259966833e+36,1.0192184321400824e-06,4.726148102226897e-08,9.043338582677164e+41,0.683031615005828,15178480.333462844,0.48130645400376854
2.075,27.5,716292,0.01377,12723,0.00029,0.0,0.03088,0.67395,0.02081,0.02106027596223675,0.017762309225846443,4.5634558981921817e+36,3.446458649793959e-06,1.9224003618635974e-08,4.939944827586207e+42,3.7310761537660166,82912803.4170226,2.6291477491445523
2.125,3.25,71663,22.01407,1,0.00024,0.00016,1.92819,1.25573,2.42128,1.090211850875372e-05,1.3954202308025062e-05,7.576595161787704e+37,5.722071717987843e-05,0.0003071887864030253,5.971916666666666e+41,0.4510511077542798,10023357.950095108,0.3178385955763289
2.125,3.85,100531,16.32664,1145,0.16123,0.00011,1.4478,1.20075,1.73845,0.009875271335682051,0.011389521640091117,1.1649807630602091e+35,8.798283838533412e-08,0.00016240403457639933,1.247050796998077e+39,0.0009418812666148617,20930.694813663595,0.0006637079786169329
2.125,4.6,114570,9.30307,4289,0.33475,8e-05,1.06244,1.14412,1.21556,0.0359827454807929,0.03743562887317797,4.572558793347038e+34,3.453333429006145e-08,8.119987780396265e-05,6.845108289768483e+38,0.0005170021366894624,11488.936370876942,0.00036431178243521506
2.125,5.5,143298,5.58604,8181,0.31289,5e-05,0.76183,1.0887,0.8294,0.056012846309729254,0.057090817736465266,4.305051216987878e+34,3.251303690799696e-08,3.898198160476768e-05,9.159640768321136e+38,0.0006918157680000858,15373.68373333524,0.0004874963132082458
2.125,6.5,143211,2.75986,11272,0.21186,3e-05,0.55622,1.03836,0.57755,0.07676476343002905,0.07870903771358345,4.511058837382489e+34,3.406886819260243e-08,1.9271285026988152e-05,1.3519399603511751e+39,0.0010211026890869902,22691.170868599784,0.000719532308111358
2.125,7.5,144028,1.48158,13556,0.13432,2e-05,0.41949,0.99647,0.41801,0.09065997111192106,0.09412058766350988,5.277493995451576e+34,3.985721618798864e-08,1.0286749798650261e-05,2.1445503275759382e+39,0.0016197510027008595,35994.466726685765,0.0011413770524697415
2.125,8.5,143690,0.84518,15529,0.08741,2e-05,0.32745,0.96082,0.31462,0.10342175631226484,0.10807293479017328,6.146554832308206e+34,4.6420624063954424e-08,5.881968125826432e-06,3.287724516645692e+39,0.002483175616801882,55181.68037337516,0.0017497996059543113
2.125,10.0,287211,0.82625,32422,0.08877,1e-05,0.24294,0.91596,0.22252,0.10743721633888048,0.11288564853017467,8.36577532912251e+34,6.318084230135571e-08,2.8768048577526628e-06,6.470902331868874e+39,0.0048873884681789066,108608.63262619793,0.003443957148217844
2.125,12.0,287419,0.34667,32258,0.03653,1e-05,0.16533,0.86759,0.14344,0.10537398678858857,0.11223335965959105,1.3232024836068238e+35,9.993221687235281e-08,1.206148514885933e-06,1.5736052559540104e+40,0.011885236072160198,264116.35715911555,0.008375074745025227
2.125,14.0,287064,0.16398,29542,0.01601,0.0,0.11957,0.82833,0.09904,0.09763385778753507,0.1029108491486219,2.0683256325055316e+35,1.562061500268508e-07,5.712315023827439e-07,3.586058713304185e+40,0.027085035598974204,601889.6799772045,0.019085796549251792
2.125,16.5,430246,0.11187,37490,0.00946,0.0,0.08659,0.78815,0.06825,0.08456243854473942,0.08713619650153633,3.465371837464861e+35,2.617152660271022e-07,2.6001403848031124e-07,9.096109936575054e+40,0.06870173668108047,1526705.259579566,0.04841150620178736
2.125,19.5,430147,0.04799,28968,0.00324,0.0,0.06033,0.74904,0.04519,0.06751406543029798,0.06734441946590351,6.555312412065381e+35,4.950768380081097e-07,1.1156651098345449e-07,2.6552283950617287e+41,0.2005459512886502,4456576.695303338,0.14131711996776186
2.125,23.0,573121,0.02805,25241,0.0013,0.0,0.04312,0.71209,0.0307,0.04634581105169341,0.04404131064818773,1.405662741167627e+36,1.0615986263632859e-06,4.894254441906683e-08,8.817246153846152e+41,0.6659551475714616,14799003.279365813,0.4692733155557399
2.125,27.5,716979,0.01429,12565,0.00029,0.0,0.02989,0.67395,0.02015,0.020293911826452064,0.017524920534632116,4.890904423718661e+36,3.693757589093468e-06,1.9930848741734416e-08,4.9446827586206897e+42,3.7346546515262,82992325.58947112,2.6316693806909917
2.175,3.85,100035,16.3361,1210,0.16143,0.00012,1.41313,1.20075,1.69682,0.00988179553259346,0.012095766481731393,1.1927745324143448e+35,9.008190713800655e-08,0.00016330384365472082,1.2393607136220034e+39,0.0009360730465422985,20801.62325649552,0.0006596151463881127
2.175,4.6,115054,9.31099,4453,0.34904,8e-05,1.02365,1.14412,1.17118,0.037486883779275885,0.03870356528238914,4.555405150429278e+34,3.440378483822428e-08,8.092712986945261e-05,6.592596837038734e+38,0.0004979302747008107,11065.11721557357,0.00035087256518181027
2.175,5.5,143015,5.64244,8555,0.33057,5e-05,0.74248,1.0887,0.80833,0.05858635625722205,0.05981890011537251,4.223230740447205e+34,3.1895104149589945e-08,3.9453483900290175e-05,8.65263030523036e+38,0.0006535219263769153,14522.709475042562,0.0004605120964942466
2.175,6.5,143558,2.79394,11417,0.2173,4e-05,0.53902,1.03836,0.55969,0.07777547119837934,0.07952883155240391,4.594516307294132e+34,3.469916401551341e-08,1.9462098942587665e-05,1.3212885411872988e+39,0.000997952070383156,22176.712675181243,0.0007032189458137126
2.175,7.5,143496,1.49686,13749,0.13997,3e-05,0.40702,0.99647,0.40559,0.0935090790053846,0.0958145174778391,5.273378902911753e+34,3.9826137775936505e-08,1.043137090929364e-05,2.0503822247624487e+39,0.00154862705797768,34413.93462172622,0.0010912587081978128
2.175,8.5,143446,0.85622,15298,0.08777,2e-05,0.31717,0.96082,0.30475,0.10250870103478078,0.10664640352467131,6.402145663170099e+34,4.8350922612869864e-08,5.968936045619954e-06,3.268679503247123e+39,0.0024687911655945035,54862.02590210008,0.0017396634291634984
2.175,10.0,286072,0.83647,32060,0.08938,1e-05,0.23498,0.91596,0.21524,0.10685380228818726,0.1120696887496854,8.695949951781229e+34,6.567441999683731e-08,2.9239841718168855e-06,6.40125307675095e+39,0.004834783290597394,107439.62867994209,0.0034068882762538716
2.175,12.0,286797,0.35307,31844,0.03734,1e-05,0.16008,0.86759,0.13889,0.10575806497295154,0.11103323953876784,1.3615873933212068e+35,1.028311602840576e-07,1.231079823010701e-06,1.5361381896089983e+40,0.01160225218737914,257827.82638620312,0.00817566674233267
2.175,14.0,286127,0.16673,29737,0.01661,1e-05,0.11541,0.82833,0.0956,0.09962214358543754,0.10392937401922922,2.0999851377528783e+35,1.5859717073883228e-07,5.827132706805019e-07,3.4452378085490666e+40,0.02602143359931319,578254.0799847376,0.018336316590079196
2.175,16.5,430134,0.11376,37113,0.00947,0.0,0.08312,0.78815,0.06551,0.08324542897327707,0.08628241431739876,3.667431413374745e+35,2.769754107223582e-07,2.644757215193405e-07,9.0841393875396e+40,0.0686113246793021,1524696.1039844912,0.04834779629580452
2.175,19.5,430215,0.04902,28639,0.00331,0.0,0.05799,0.74904,0.04344,0.0675234598123215,0.06656904106086492,6.818447363589324e+35,5.149495780975246e-07,1.1394302848575713e-07,2.5994864048338366e+41,0.19633583118080333,4363018.470684519,0.13835040812672877
2.175,23.0,573261,0.0286,25709,0.00133,0.0,0.04126,0.71209,0.02938,0.04650349650349651,0.04484693708450427,1.4638365826069598e+36,1.1055332547443242e-06,4.9890015193777355e-08,8.620466165413534e+41,0.6510926106807804,14468724.68179512,0.4588002499300837
2.175,27.5,717063,0.01456,12384,0.00029,0.0,0.02852,0.67395,0.01922,0.019917582417582416,0.017270449040042508,5.224442929419785e+36,3.945655863922502e-06,2.0305049904959537e-08,4.945262068965517e+42,3.735092197103864,83002048.82453032,2.6319777024521285
2.225,3.25,71398,21.66629,1,0.00042,0.00017,1.81403,1.25573,2.27793,1.938495238455684e-05,1.4005994565674108e-05,4.529235293613478e+37,3.420614223709295e-05,0.0003034579399983193,3.399904761904761e+41,0.2567903898719608,5706453.108265796,0.18095044102821523
2.225,3.85,100270,16.5027,1316,0.18063,0.00012,1.38628,1.20075,1.66457,0.010945481648457525,0.013124563678069212,1.0977237366600205e+35,8.290338619892911e-08,0.00016458262690735017,1.1102253224824224e+39,0.0008385387632042464,18634.19473787214,0.0005908864389228863
2.225,4.6,114401,9.4196,4632,0.36649,8e-05,1.00969,1.14412,1.15522,0.03890717227907766,0.04048915656331675,4.449750172268505e+34,3.3605846780972014e-08,8.233844109754286e-05,6.243062566509318e+38,0.0004715304053254772,10478.453451677271,0.00033226957926424627
2.225,5.5,143569,5.78291,8632,0.34075,6e-05,0.73202,1.0887,0.79695,0.05892362149851891,0.060124400114230786,4.259018137610755e+34,3.216538129756631e-08,4.027965647180102e-05,8.426647101980924e+38,0.000636453708608831,14143.415746862913,0.00044848477127292343
2.225,6.5,143781,2.85703,11559,0.22476,4e-05,0.5296,1.03836,0.54991,0.07866910742974347,0.0803930978362927,4.6231092405876355e+34,3.491510641634042e-08,1.9870706143370822e-05,1.2794180459156433e+39,0.0009663278292414223,21473.951760920496,0.0006809345434081841
2.225,7.5,143739,1.52949,13936,0.14251,3e-05,0.3984,0.99647,0.39699,0.09317484913271744,0.09695350600741622,5.406942240005187e+34,4.08348481232927e-08,1.06407446830714e-05,2.017247912427198e+39,0.0015236011423166147,33857.80316259144,0.0010736238953130213
2.225,8.5,143504,0.8719,15241,0.08866,2e-05,0.30904,0.96082,0.29694,0.10168597316205986,0.10620609878470287,6.623693715905242e+34,5.0024119899593995e-08,6.075788828185974e-06,3.237175727498308e+39,0.0024449967730349755,54333.26162299946,0.0017228964238647723
2.225,10.0,286412,0.85237,32546,0.09225,1e-05,0.22825,0.91596,0.20907,0.10822764761781856,0.1136335069759647,8.838937387317146e+34,6.675430395980021e-08,2.9760275407454994e-06,6.209474254742547e+39,0.004689935237720957,104220.7830604657,0.0033048193512324234
2.225,12.0,286637,0.35993,31768,0.03755,1e-05,0.15533,0.86759,0.13476,0.10432584113577639,0.11083007427512848,1.4225813094166718e+35,1.0743760361125834e-07,1.2556997177614894e-06,1.5266950732356855e+40,0.011530929556160766,256242.8790257948,0.008125408391228906
2.225,14.0,288309,0.17152,29132,0.01659,1e-05,0.1118,0.82833,0.09261,0.09672341417910447,0.10104436559385936,2.2327520328529047e+35,1.6862412452631254e-07,5.9491725891318e-07,3.475696202531645e+40,0.026251481892232968,583366.2642718437,0.018498422890406003
2.225,16.5,430266,0.11666,37180,0.0099,0.0,0.08064,0.78815,0.06356,0.08486199211383508,0.0864116616232749,3.707941593404148e+35,2.800348609171624e-07,2.711346004564618e-07,8.692242424242424e+40,0.0656513778266044,1458919.5072578758,0.046262034096203566
2.225,19.5,430104,0.04977,28798,0.00341,0.0,0.05559,0.74904,0.04164,0.06851516978099256,0.06695589903837211,7.010234350570876e+35,5.294339060925062e-07,1.1571619887283076e-07,2.5226041055718476e+41,0.1905290109948525,4233978.022107833,0.1342585623448704
2.225,23.0,573195,0.0291,25626,0.00138,0.0,0.03954,0.71209,0.02815,0.04742268041237113,0.04470729856331615,1.4981851880454088e+36,1.1314743509141368e-06,5.076806322455709e-08,8.307173913043478e+41,0.6274300538552475,13942890.085672168,0.44212614426915803
2.225,27.5,715851,0.01473,12022,0.00029,0.0,0.02714,0.67395,0.01829,0.019687712152070606,0.01679399763358576,5.554193925453893e+36,4.194693697948714e-06,2.057690776432526e-08,4.9369034482758617e+42,3.7287790394832787,82861756.43296175,2.627529059898584
2.275,3.85,99843,16.67894,1397,0.19338,0.00012,1.37314,1.20075,1.6488,0.011594261985473897,0.013991967388800416,1.0462100976580013e+35,7.901292180786958e-08,0.00016705167112366417,1.0326093701520321e+39,0.0007799164427130151,17331.47650473367,0.000549577514736608
2.275,4.6,115190,9.74779,4709,0.38159,8e-05,1.00867,1.14412,1.15404,0.03914630906082302,0.04088028474693984,4.427089612852201e+34,3.3434707445451256e-08,8.46235784356281e-05,6.037369952042767e+38,0.000455994709368789,10133.215763750866,0.00032132216399514415
2.275,5.5,143038,5.95725,8756,0.33425,6e-05,0.73286,1.0887,0.79786,0.05610810357127869,0.06121450243991107,4.46763529239519e+34,3.3740920567896606e-08,4.1648023602119714e-05,8.558743455497382e+38,0.0006464307745843944,14365.128324097654,0.0004555152309772214
2.275,6.5,142924,2.94979,11705,0.22898,4e-05,0.53076,1.03836,0.55112,0.07762586489207705,0.08189667235733676,4.67495432260313e+34,3.5306656012409406e-08,2.0638871008368083e-05,1.2483535679972052e+39,0.0009428652326262878,20952.56072502862,0.0006644013421178533
2.275,7.5,143223,1.57415,13969,0.14178,3e-05,0.39592,0.99647,0.39453,0.09006765556014357,0.09753321743016136,5.6283501112442515e+34,4.250698671734953e-08,1.0990902299211718e-05,2.0203554803216253e+39,0.0015259482479770582,33909.96106615685,0.0010752778115853897
2.275,8.5,143553,0.90719,15484,0.09148,2e-05,0.30852,0.96082,0.29644,0.1008388540438056,0.10786260126921764,6.690603439491881e+34,5.0529442183308515e-08,6.319547484204441e-06,3.1384564932225614e+39,0.0023704354178418134,52676.34261870696,0.0016703558669047109
2.275,10.0,288100,0.8966,32466,0.09351,1e-05,0.2284,0.91596,0.20921,0.10429399955387017,0.11269003818118709,9.166176882954039e+34,6.922571469642805e-08,3.1121138493578617e-06,6.161907817345739e+39,0.004654008925487718,103422.42056639373,0.0032795034426177615
2.275,12.0,286811,0.37755,31511,0.03872,1e-05,0.15531,0.86759,0.13475,0.10255595285392663,0.10986677637886971,1.4472393014305647e+35,1.0929984906204702e-07,1.3163721056723766e-06,1.481461776859504e+40,0.011189288344860302,248650.85210800671,0.007884666796930706
2.275,14.0,286728,0.17953,29234,0.01719,1e-05,0.11194,0.82833,0.09272,0.09575001392524926,0.10195725565692922,2.2527745277994864e+35,1.7013628334714042e-07,6.261334784185709e-07,3.3359860383944156e+40,0.025196269172163256,559917.092714739,0.017754854538138604
2.275,16.5,430259,0.12189,36776,0.01008,0.0,0.07994,0.78815,0.06301,0.08269751415210436,0.08547409815948069,3.838204064358643e+35,2.898726730880328e-07,2.8329448076623616e-07,8.536884920634919e+40,0.06447798278425165,1432844.061872259,0.04543518714714165
2.275,19.5,430532,0.05235,28420,0.00351,0.0,0.05527,0.74904,0.0414,0.0670487106017192,0.06601135339533415,7.205086915231842e+35,5.441497557006149e-07,1.215937491289846e-07,2.453173789173789e+41,0.18528502939379068,4117445.097639793,0.1305633275507291
2.275,23.0,573659,0.03053,25348,0.00141,0.0,0.03912,0.71209,0.02786,0.0461840812315755,0.04418652893095027,1.5543777652192064e+36,1.1739126691482564e-06,5.321976993300899e-08,8.137007092198582e+41,0.6145775749394699,13657279.443099331,0.43306949020482405
2.275,27.5,716309,0.01541,11903,0.0003,0.0,0.02669,0.67395,0.01799,0.019467878001297855,0.016617130316665014,5.71057995182509e+36,4.312801111566414e-06,2.1513062100294705e-08,4.775393333333334e+42,3.6067925478348437,80150945.50744097,2.5415698093430037
2.325,3.25,71586,22.50384,2,0.00012,0.00017,1.80782,1.25573,2.27014,5.332423266429196e-06,2.793842371413405e-05,1.652162421700864e+38,0.0001247762572087353,0.00031436090855753917,1.1931e+42,0.9011329305135951,20025176.233635448,0.6349941728068065
2.325,3.85,100465,16.97432,1542,0.2123,0.00012,1.35857,1.20075,1.6313,0.0125071284151589,0.015348628875727865,9.802538361439062e+34,7.40317072837328e-08,0.00016895754740456874,9.464437117286857e+38,0.0007148366402784634,15885.258672854743,0.0005037182481245162
2.325,4.6,114514,9.81822,4785,0.37563,9e-05,0.99579,1.14412,1.1393,0.038258462328202056,0.0417852838954189,4.588432923078064e+34,3.465322047487398e-08,8.573816301936881e-05,6.097170087586189e+38,0.000460511335920407,10233.58524267571,0.0003245048592933698
2.325,5.5,143331,6.07443,8758,0.34325,6e-05,0.72387,1.0887,0.78808,0.0565073595382612,0.061103320286609315,4.491120166814745e+34,3.3918285377348726e-08,4.2380434100090005e-05,8.351405680990531e+38,0.0006307708218270793,14017.129373935095,0.0004444802566569982
2.325,6.5,143438,3.01494,11790,0.23969,4e-05,0.52287,1.03836,0.54293,0.0795007529171393,0.08219579191009356,4.633561315669808e+34,3.499404361958921e-08,2.1019116273233036e-05,1.1968626142100213e+39,0.0009039747841465417,20088.328536589815,0.0006369967191967852
2.325,7.5,143374,1.62396,13817,0.14658,3e-05,0.39356,0.99647,0.39217,0.09026084386314932,0.09637033213832355,5.650101347884011e+34,4.2671258574760296e-08,1.1326739855203872e-05,1.9562559694364854e+39,0.0014775347201181912,32834.10489151536,0.0010411626360830593
2.325,8.5,143959,0.94827,15292,0.09203,2e-05,0.30943,0.96082,0.29731,0.09705041812985754,0.10622468897394396,6.9314336106580455e+34,5.234826380679741e-08,6.587083822477233e-06,3.128523307617081e+39,0.0023629330117953783,52509.62248434174,0.0016650692061244844
2.325,10.0,286549,0.93106,32238,0.0953,1e-05,0.22876,0.91596,0.20953,0.1023564539342255,0.11250431863311336,9.325423226489666e+34,7.04283908049971e-08,3.249217411332791e-06,6.013620146904513e+39,0.004542009174399178,100933.53720887062,0.00320058146907885
2.325,12.0,287426,0.39224,31066,0.03879,1e-05,0.15396,0.86759,0.13357,0.09889353457067102,0.1080834719197289,1.5140951570436567e+35,1.1434900362840092e-07,1.364664296201457e-06,1.4819592678525392e+40,0.011193045829701957,248734.35177115462,0.007887314553879839
2.325,14.0,286734,0.18736,28795,0.01741,1e-05,0.11141,0.82833,0.09228,0.09292271562766866,0.10042408643551166,2.332386486001324e+35,1.7614881700787886e-07,6.534279157686217e-07,3.293900057438254e+40,0.024878399225364452,552853.3161192101,0.017530863651674597
2.325,16.5,429680,0.12723,36072,0.01028,0.0,0.07947,0.78815,0.06263,0.08079855380020434,0.0839508471420592,3.952246253862006e+35,2.9848548099554454e-07,2.961040774529883e-07,8.359533073929962e+40,0.063138467325755,1403077.0516834443,0.04449128144607573
2.325,19.5,430136,0.05449,28313,0.00357,0.0,0.05462,0.74904,0.04091,0.0655166085520279,0.06582336749307195,7.461894559828331e+35,5.635446386094955e-07,1.2668086372682126e-07,2.409725490196078e+41,0.18200343581541373,4044520.795898083,0.1282509131119382
2.325,23.0,573386,0.03182,25041,0.00147,0.0,0.03858,0.71209,0.02747,0.04619736015084852,0.043672151046589905,1.5759926103677727e+36,1.1902368479478684e-06,5.5494902212471184e-08,7.80117006802721e+41,0.5892122407875535,13093605.350834522,0.41519550199246963
2.325,27.5,715926,0.016,11256,0.00029,0.0,0.02616,0.67395,0.01763,0.018125,0.015722295321024798,6.258923856279461e+36,4.726926860720082e-06,2.234867849470476e-08,4.937420689655173e+42,3.7291697051776227,82870437.89283606,2.627804347185314
2.375,3.25,71489,22.91947,11,0.00133,0.00018,1.81439,1.25573,2.27838,5.8029265074628686e-05,0.00015386982612709647,1.5127137887908353e+37,1.1424467855832907e-05,0.0003206013512568367,1.0750225563909774e+41,0.0811950571292279,1804334.602871731,0.057215074926171075
2.375,3.85,100323,17.52247,1643,0.22387,0.00013,1.37692,1.20075,1.65334,0.012776166830361247,0.016377101960667044,9.4681961945606e+34,7.150665504539384e-08,0.0001746605464350149,8.962612230312232e+38,0.0006769344584827969,15042.987966284376,0.00047701001922515146
2.375,4.6,114678,10.22278,4944,0.3923,9e-05,1.01114,1.14412,1.15686,0.03837507996846259,0.043112017998221105,4.505052922422593e+34,3.4023509723001224e-08,8.91433404837894e-05,5.846444047922508e+38,0.00044157432386121657,9812.762752471479,0.0003111606656669038
2.375,5.5,142864,6.26368,8792,0.33739,6e-05,0.72859,1.0887,0.79322,0.053864501379380814,0.06154104602979057,4.680946698302943e+34,3.535191222946109e-08,4.3843655504535783e-05,8.468775008150804e+38,0.0006396355746337465,14214.123880749921,0.00045072691149004065
2.375,6.5,144480,3.16258,11771,0.23107,4e-05,0.52796,1.03836,0.54821,0.07306376439489277,0.08147148394241417,4.993223412028099e+34,3.7710319553116065e-08,2.1889396456256923e-05,1.2505301423810964e+39,0.0009445091709827011,20989.092688504472,0.000665559763080431
2.375,7.5,143595,1.7032,13759,0.14706,3e-05,0.39846,0.99647,0.39705,0.08634335368717708,0.09581809951599986,5.833858378874815e+34,4.4059046740237246e-08,1.186113722622654e-05,1.9528763769889838e+39,0.0014749821578466642,32777.38128548143,0.0010393639423351545
2.375,8.5,142979,0.97516,15341,0.09151,2e-05,0.30901,0.96082,0.29691,0.09384101070593542,0.1072954769581547,7.1781494146198765e+34,5.421153549293766e-08,6.820302282153323e-06,3.124882526499836e+39,0.0023601831771146793,52448.51504699288,0.001663131501997491
2.375,10.0,286890,0.96977,32268,0.09728,1e-05,0.22885,0.91596,0.20961,0.10031244521896945,0.11247516469727073,9.511810310627004e+34,7.183604191999851e-08,3.3802851267036147e-06,5.898231907894735e+39,0.004454857936476386,98996.84303280857,0.003139169299619754
2.375,12.0,287186,0.41094,30985,0.03989,1e-05,0.15473,0.86759,0.13424,0.09707013189273372,0.10789174959782162,1.5348376091462487e+35,1.159155357711841e-07,1.4309193345079497e-06,1.439889696665831e+40,0.010875299823760051,241673.32941689002,0.007663411003833397
2.375,14.0,287028,0.19588,28342,0.01788,1e-05,0.11122,0.82833,0.09213,0.09128037574024914,0.09874297977897627,2.3782171433178142e+35,1.796100855915576e-07,6.824421310812882e-07,3.2106040268456373e+40,0.02424927512723291,538872.7806051758,0.017087543778702936
2.375,16.5,429519,0.13234,35570,0.01027,0.0,0.07883,0.78815,0.06213,0.07760314341846758,0.08281356587252252,4.148101062085011e+35,3.132770230409343e-07,3.081120974857923e-07,8.364537487828625e+40,0.06317626501381136,1403917.0003069192,0.04451791604220317
2.375,19.5,430668,0.05661,27842,0.00367,0.0,0.05389,0.74904,0.04036,0.06482953541777071,0.06464840666127969,7.6437403963781e+35,5.772781811327014e-07,1.3144696146451558e-07,2.3469645776566757e+41,0.17726318562361595,3939181.902747021,0.12491063872231802
2.375,23.0,573101,0.03283,24259,0.00147,0.0,0.03776,0.71209,0.02689,0.04477611940298508,0.04232936253819135,1.661088384777488e+36,1.2545037268918418e-06,5.728484158987683e-08,7.7972925170068e+41,0.588919374396284,13087097.20880631,0.41498913016255423
2.375,27.5,718192,0.01648,10779,0.0003,0.0,0.0254,0.67395,0.01712,0.018203883495145626,0.015008521398177646,6.417445482866045e+36,4.8466471436190954e-06,2.294651012542607e-08,4.7879466666666673e+42,3.6162739174219536,80361642.60937674,2.5482509706169694
2.425,3.25,72242,22.71559,15,0.00384,0.00018,1.75473,1.25573,2.20346,0.00016904689686686545,0.00020763544752360123,5.36929940109343e+36,4.055055812320391e-06,0.0003144374463608427,3.7626041666666667e+40,0.02841846047331319,631521.3438514043,0.0200254104468355
2.425,3.85,100567,17.60511,1777,0.25233,0.00013,1.35585,1.20075,1.62804,0.014332770428585792,0.017669812165024314,8.571064826988116e+34,6.473125010941858e-08,0.0001750585182017958,7.971069631038719e+38,0.0006020445340663684,13378.767423697076,0.00042423793200460034
2.425,4.6,114708,10.27153,4557,0.37846,9e-05,0.99408,1.14412,1.13735,0.03684553323604176,0.039726958886912855,4.772555830881921e+34,3.604377185168734e-08,8.954501865606584e-05,6.061829519632192e+38,0.00045784210873354915,10174.26908296776,0.0003226239562077549
2.425,5.5,142912,6.30665,8754,0.34523,6e-05,0.71505,1.0887,0.77847,0.05474063092132907,0.06125447828034035,4.693300007282833e+34,3.5445208120858186e-08,4.4129604231974924e-05,8.279234133765895e+38,0.0006253197986228017,13895.99552495115,0.00044063912750352455
2.425,6.5,143462,3.17646,11991,0.2428,4e-05,0.51895,1.03836,0.53885,0.07643729182800979,0.08358310911600285,4.855755568291065e+34,3.6672121201503395e-08,2.2141473003304012e-05,1.1817298187808896e+39,0.0008925451803481038,19834.33734106897,0.0006289427112211115
2.425,7.5,143481,1.73547,13755,0.15008,3e-05,0.39372,0.99647,0.39234,0.08647801460123193,0.09586635164237774,5.894699867059738e+34,4.451853989169804e-08,1.2095469086499259e-05,1.912060234541578e+39,0.0014441542556960557,32092.31679324568,0.0010176406897908956
2.425,8.5,143575,1.00053,15052,0.09429,2e-05,0.30521,0.96082,0.29325,0.09424005277203083,0.10483719310464913,7.236964699698024e+34,5.465572615133316e-08,6.96869232108654e-06,3.045391876126842e+39,0.002300144921545953,51114.33158991006,0.0016208248221052152
2.425,10.0,286522,0.99135,31327,0.09663,2e-05,0.22574,0.91596,0.20677,0.09747314268421849,0.10933540879932431,9.923331491058107e+34,7.494397319732729e-08,3.4599437390497065e-06,5.930290799958605e+39,0.004479071601177193,99534.9244706043,0.0031562317500825818
2.425,12.0,286568,0.42031,30428,0.04058,1e-05,0.15235,0.86759,0.13217,0.09654778615783588,0.10618073197286508,1.5673095714768823e+35,1.183679156768282e-07,1.4667024929510624e-06,1.412360768851651e+40,0.010667377408245096,237052.83129433548,0.0075168959695058185
2.425,14.0,286258,0.1994,27350,0.01752,1e-05,0.10876,0.82833,0.09009,0.08786359077231695,0.09554318132593674,2.5266463622628005e+35,1.9081990501191755e-07,6.965744188808697e-07,3.267785388127854e+40,0.024681158520603125,548470.1893467361,0.017391875613480975
2.425,16.5,430428,0.13592,34365,0.01019,0.0,0.07719,0.78815,0.06084,0.07497057092407297,0.07983913685912626,4.3848018483785086e+35,3.311533757554949e-07,3.1577871328073454e-07,8.448047105004907e+40,0.06380700230366243,1417933.3845258318,0.04496237267014941
2.425,19.5,429302,0.05753,26454,0.00347,0.0,0.05234,0.74904,0.0392,0.0603163566834695,0.06162095680895966,8.458801387990354e+35,6.388340297553322e-07,1.3400822730851475e-07,2.4743631123919305e+41,0.18688543144954156,4153009.5877675903,0.1316910701346902
2.425,23.0,573248,0.03338,22796,0.00139,0.0,0.03647,0.71209,0.02597,0.04164170161773517,0.039766383833872945,1.8493945698273878e+36,1.3967182009118554e-06,5.822959696326895e-08,8.248172661870502e+41,0.6229737660023037,13843861.46671786,0.43898596736167744
2.425,27.5,716142,0.01666,9559,0.00026,0.0,0.02438,0.67395,0.01643,0.015606242496998797,0.01334791144772964,7.799990636265743e+36,5.89078667492315e-06,2.326354270521768e-08,5.508784615384616e+42,4.160713455728562,92460299.01619026,2.9318968485600667
