w_val,q2_val,gen_events,weight,rec_events,weight_rec,flux,cross_section,formfactor,cs_scaled,acceptance,acceptance_no_wt,luminosity_had,q_had,elec_cs,lumi_elec,q_elec,no_of_sec_45nA,no_year_45nA
1.4249999999999998,2.2,13828,40025.32651,171,403.5749,0.00016,18637.47453,1.38479,25808.96011,0.010082988327382417,0.012366213479895864,7.685466340510406e+30,5.80429449475901e-12,2.89451305394851,6.8527552134684295e+34,5.175796989024493e-08,1.1501771086721095,3.647187686048039e-08
1.4249999999999998,2.7,20783,26080.3806,440,535.67403,0.0001,13016.69127,1.31678,17140.08726,0.02053934864738899,0.0211711494971852,5.68107208791509e+30,4.29051588846393e-12,1.2548900832411105,7.759569751776094e+34,5.860702229438136e-08,1.3023782732084748,4.129814412761526e-08
1.4249999999999998,3.25,17266,9623.16352,513,341.11865,6e-05,9035.54509,1.25573,11346.19822,0.03544766222573759,0.029711571875361983,4.972697379567019e+30,3.7555300804826055e-12,0.5573475917989111,1.0123163890335519e+35,7.645894176990572e-08,1.6990875948867938,5.387771419605511e-08
1.4249999999999998,3.85,24330,6370.14104,949,258.57977,4e-05,6466.83087,1.20075,7765.04084,0.04059247171707834,0.039005343197698314,6.345133364194405e+30,4.792034864583041e-12,0.2618224841759145,1.8818177462219878e+35,1.4213124971465162e-07,3.158472215881147,1.0015449695209117e-07
1.4249999999999998,4.6,27598,3204.26631,1147,141.65166,3e-05,4525.8251,1.14412,5178.1029,0.044207205736279766,0.04156098267990434,8.737078834765208e+30,6.5985037646440654e-12,0.11610501884194507,3.896600999945923e+35,2.9430521147627814e-07,6.540115810583959,2.0738571190334726e-07
1.4249999999999998,5.5,35043,1735.04047,1686,93.23056,2e-05,3097.14799,1.0887,3371.85895,0.05373393970458799,0.04811231915075764,1.1038547044352289e+31,8.336641525830592e-12,0.04951175612818537,7.51749211846416e+35,5.677864137812809e-07,12.617475861806243,4.000975349380468e-07
1.4249999999999998,6.5,34574,752.29391,1872,46.01727,1e-05,2147.11281,1.03836,2229.47211,0.06116927093029373,0.05414473303638572,1.466542481013457e+31,1.1075768303099894e-11,0.02175894921038931,1.5026532430107217e+36,1.1349344735730524e-06,25.220766079401166,7.997452460489969e-07
1.4249999999999998,7.5,35171,368.443,1890,23.6015,1e-05,1543.35313,0.99647,1537.90848,0.06405739829498729,0.05373745415256888,2.030159727175949e+31,1.5332374648258807e-11,0.010475761280600494,2.980403787894837e+36,2.251060262760451e-06,50.02356139467669,1.5862367261122746e-06
1.4249999999999998,8.5,35101,191.86619,1803,12.03765,0.0,1151.8542,0.96082,1106.72809,0.06273981882894532,0.051366057947067036,2.8803535749893736e+31,2.1753293369000628e-11,0.005466117489530213,5.831869177123442e+36,4.4047350280388525e-06,97.88300062308561,3.103849588504744e-06
1.4249999999999998,9.5,34946,107.87971,1459,6.32277,0.0,898.69339,0.92994,835.73268,0.0586094456501598,0.041750128770102445,4.0831468266878395e+31,3.083714845319718e-11,0.0030870402907342757,1.105401588227944e+37,8.348954593866646e-06,185.53232430814768,5.883191410075713e-06
1.4249999999999998,10.5,35301,63.96787,1063,4.31665,0.0,707.91636,0.90281,639.11377,0.06748153408891058,0.03011246140335968,4.637317953177954e+31,3.5022414871822015e-11,0.0018120696297555308,1.6355738825246428e+37,1.2353277058343222e-05,274.51726796318275,8.704885463063887e-06
1.475,2.2,14026,68933.57645,191,951.85468,0.00017,28776.51461,1.38479,39849.38604,0.013808288050895118,0.013617567374875232,3.6346995975882697e+30,2.745034059050124e-12,4.914699590047055,2.9470885198568335e+34,2.22589767360788e-08,0.4946439274684178,1.5685056046055867e-08
1.475,2.7,20936,45926.1083,574,1365.47814,0.00011,20580.78579,1.31678,27100.31736,0.029732067238973956,0.027416889568207873,2.482164229145055e+30,1.8746048101692127e-12,2.1936429260603743,3.066471646334814e+34,2.316066198138077e-08,0.5146813773640171,1.6320439414130426e-08
1.475,3.25,17754,17454.17019,668,754.26461,7e-05,14350.55419,1.25573,18020.41058,0.04321400569544922,0.03762532387067703,2.568270651904375e+30,1.9396349610334374e-12,0.9831119854680636,4.7076317156123765e+34,3.5556130782570814e-08,0.7901362396126848,2.5055055796952206e-08
1.475,3.85,24585,11681.94233,1172,584.37821,5e-05,10526.3461,1.20075,12639.49978,0.05002406222287865,0.047671344315639616,3.1631599491265757e+30,2.3889131856555964e-12,0.4751654394956274,8.414071428159514e+34,6.35503884302078e-08,1.4122308540046178,4.4781546613540644e-08
1.475,4.6,27971,5880.52617,1493,337.65467,3e-05,7321.89259,1.14412,8377.14944,0.05741912547257655,0.05337671159415108,4.1579298616075307e+30,3.140193234353546e-12,0.2102365367702263,1.656781468474877e+35,1.2513455199961307e-07,2.780767822213624,8.817756919754007e-08
1.475,5.5,34848,3205.05263,2059,207.41838,2e-05,5121.26406,1.0887,5575.51014,0.06471606052846626,0.05908516988062443,5.542852389522346e+30,4.1861282301354465e-12,0.09197235508494031,3.360165092408879e+35,2.537889042604893e-07,5.639753428010874,1.7883540804194806e-07
1.475,6.5,35043,1429.6646,2247,102.33174,1e-05,3571.7542,1.03836,3708.76013,0.071577445507149,0.0641212224980738,7.533990272229458e+30,5.689895228630358e-12,0.04079743743400965,6.848901425891909e+35,5.172886273332257e-07,11.495302829627237,3.6451366151786013e-07
1.475,7.5,34982,701.32072,2200,49.75925,1e-05,2613.31432,0.99647,2604.09505,0.0709507769854568,0.06288948602138243,1.082470346100192e+31,8.175140443321441e-12,0.020048045280429937,1.4060501313826072e+36,1.0619713983252318e-06,23.599364407227373,7.483309363022379e-07
1.475,8.5,35019,372.75322,1896,21.38822,1e-05,1979.93703,0.96082,1902.36918,0.05737903484777409,0.05414203717981667,1.8322382927615146e+31,1.383761266340544e-11,0.01064431365829978,3.274606301973703e+36,2.473267599678023e-06,54.961502215067185,1.742817802354997e-06
1.475,9.5,34968,209.22313,1635,10.51955,0.0,1534.32529,0.92994,1426.83344,0.05027909677099277,0.04675703500343171,2.7878490137619632e+31,2.1054671201283613e-11,0.005983274136353237,6.64819312613182e+36,5.0212939019122506e-06,111.58430893138335,3.538315224866291e-06
1.475,10.5,34809,123.70298,1258,5.78291,0.0,1220.63427,0.90281,1102.00048,0.04674834834213372,0.03614007871527478,3.8822360714747654e+31,2.931981022184703e-11,0.0035537642563704787,1.203857573436211e+37,9.092579859790113e-06,202.05733021755807,6.407195909993597e-06
1.525,2.2,14082,91971.84754,272,1882.57245,0.00019,35186.65182,1.38479,48726.07023,0.020469007640422136,0.019315438147990343,2.005265217209453e+30,1.5144363848723304e-12,6.531163722482602,1.496038040926393e+34,1.1299380973764296e-08,0.25109735497253993,7.962244893852737e-09
1.525,2.7,21374,63253.93061,685,2216.69881,0.00012,25407.2897,1.31678,33455.74952,0.03504444369895893,0.03204828296060634,1.7058469424012328e+30,1.2883067309124935e-12,2.959386666510714,1.9284532389855888e+34,1.4565356789921363e-08,0.3236745953315858,1.0263654088393767e-08
1.525,3.25,17650,23684.0436,772,1128.18197,8e-05,17841.20954,1.25573,22403.7286,0.04763468557370837,0.04373937677053824,1.874072508268839e+30,1.415355719559579e-12,1.3418721586402267,3.1289278625858556e+34,2.3632385669077456e-08,0.525164125979499,1.6652845192145454e-08
1.525,3.85,24276,15728.24057,1274,944.13261,5e-05,13021.21113,1.20075,15635.20652,0.060027859174587896,0.052479815455594,2.1309512704284312e+30,1.6093582587632588e-12,0.647892592272203,5.142497937869131e+34,3.8840618866081045e-08,0.8631248636906899,2.7369509883646938e-08
1.525,4.6,28346,8272.81161,1754,556.10548,3e-05,9184.80665,1.14412,10508.55321,0.06722085624768626,0.06187821914908629,2.8312813480412335e+30,2.1382685205356342e-12,0.2918511116206872,1.0194468862274115e+35,7.699749895977427e-08,1.711055532439428,5.425721500632382e-08
1.525,5.5,34797,4491.37421,2379,324.31822,2e-05,6470.06244,1.0887,7043.94429,0.07220912906297336,0.06836796275540995,3.9320766601670783e+30,2.969622128364231e-12,0.12907360433370693,2.1458553885748383e+35,1.620736698319364e-07,3.6016371073763644,1.1420716347591211e-07
1.525,6.5,35018,2002.01381,2454,151.14481,1e-05,4490.60325,1.03836,4662.85454,0.0754963873101355,0.07007824547375635,5.68135540438829e+30,4.290729857554784e-12,0.05717099234679308,4.633701944512682e+35,3.4997748825624484e-07,7.777277516805441,2.4661585225790974e-07
1.525,7.5,35130,988.89434,2366,69.7102,1e-05,3282.83279,0.99647,3271.25159,0.07049307209099812,0.06734984343865642,8.673005291816415e+30,6.550113504883629e-12,0.028149568460005693,1.007886937636099e+36,7.612439106012831e-07,16.91653134669518,5.364196900905372e-07
1.525,8.5,34905,525.07435,2157,32.75453,1e-05,2497.30682,0.96082,2399.47001,0.062380746650450555,0.06179630425440481,1.3361773352223553e+31,1.0091211654877691e-11,0.015042955164016616,2.1313082495764705e+36,1.6097494332148568e-06,35.77220962699682,1.13432932607169e-06
1.525,9.5,35148,300.72262,1815,15.41457,0.0,1953.96937,0.92994,1817.07807,0.05125843210597194,0.05163878456811198,2.147291924569097e+31,1.621699210459253e-11,0.008555895641288266,4.5603607496024865e+36,3.4443812308175874e-06,76.54180512927972,2.4271247187113053e-06
1.525,10.5,34984,179.27246,1389,7.78986,0.0,1564.48548,0.90281,1412.43269,0.043452630705240504,0.039703864623828036,3.258713355637384e+31,2.461077981751668e-11,0.005124412874456894,8.981932923056383e+36,6.783937253063732e-06,150.75416117919406,4.780383091679162e-06
1.5750000000000002,2.2,13908,97656.13661,317,2404.97755,0.0002,35162.23874,1.38479,48692.26328,0.024626998706743126,0.022792637331032498,1.6678559802624828e+30,1.2596148178101977e-12,7.021580141645097,1.15660123313833e+34,8.735658860561403e-09,0.19412575245692007,6.155687229100712e-09
1.5750000000000002,2.7,20749,65929.01312,786,2860.59126,0.00013,25215.06202,1.31678,33202.62841,0.04338895919454042,0.037881343679213454,1.3882839352627123e+30,1.048473631344092e-12,3.1774549674683117,1.4506791158971798e+34,1.0956790905567822e-08,0.2434842423459516,7.720834676114649e-09
1.5750000000000002,3.25,17289,24986.46772,869,1420.16165,8e-05,17677.37481,1.25573,22197.99653,0.05683723149323965,0.05026317311585401,1.585197216028815e+30,1.1971884419823388e-12,1.4452234206721037,2.434793250472578e+34,1.8389677118372945e-08,0.4086594915193988,1.2958507468271144e-08
1.5750000000000002,3.85,24675,17160.89324,1446,1160.10308,5e-05,12806.54026,1.20075,15377.44068,0.06760155568685304,0.058601823708206685,1.9239299039665539e+30,1.453009518893251e-12,0.695476929685917,4.253932331599361e+34,3.212939827491964e-08,0.7139866283315476,2.2640367463582814e-08
1.5750000000000002,4.6,27922,8939.3746,1832,667.23073,3e-05,9194.12138,1.14412,10519.2104,0.07463953127101308,0.06561134589212807,2.547287418244312e+30,1.9237877941577766e-12,0.32015523959601744,8.36951859216676e+34,6.321388664778518e-08,1.4047530366174485,4.4544426579700934e-08
1.5750000000000002,5.5,34694,4859.69626,2565,410.9686,2e-05,6382.45218,1.0887,6948.56317,0.08456672557556097,0.07393209200438117,3.4035761406464994e+30,2.5704826981696994e-12,0.1400731037066928,1.688401498313983e+35,1.2752277177598058e-07,2.8338393727995683,8.986045702687621e-08
1.5750000000000002,6.5,34978,2200.44848,2653,189.92808,1e-05,4476.12291,1.03836,4647.81876,0.08631335008579705,0.07584767568185717,4.9854324695167553e+30,3.765148002051775e-12,0.06290949968551661,3.6832889586416085e+35,2.781940301088828e-07,6.182089557975173,1.960327739083959e-07
1.5750000000000002,7.5,35410,1099.89265,2585,85.95597,1e-05,3271.94357,0.99647,3260.40079,0.07814941758179764,0.07300197684269981,7.849342149968013e+30,5.92805841701383e-12,0.031061639367410337,8.239101949521365e+35,6.222886668822782e-07,13.828637041828406,4.385032040153604e-07
1.5750000000000002,8.5,34602,575.76513,2334,42.5714,1e-05,2488.90484,0.96082,2391.3972,0.07393882988363674,0.06745274839604647,1.1311122500871343e+31,8.54249867900562e-12,0.016639648864227502,1.6255984064418837e+36,1.2277933583397913e-06,27.28429685199536,8.651793776000559e-07
1.5750000000000002,9.5,34923,329.45215,2028,21.79598,0.0,1936.87892,0.92994,1801.18494,0.06615825697297771,0.058070612490335884,1.6783697132669455e+31,1.2675551040457257e-11,0.009433672651261348,3.204535882304902e+36,2.420344321982554e-06,53.785429377390095,1.7055247773145008e-06
1.5750000000000002,10.5,34730,195.72899,1412,9.93068,0.0,1543.76283,0.90281,1393.72408,0.05073688879710665,0.04065649294558019,2.828325306725377e+31,2.136036029548657e-11,0.005635732507918227,6.994485775395037e+36,5.2828442412349215e-06,117.39653869410937,3.7226198216041784e-06
1.625,2.2,13948,116815.77994,371,3421.53551,0.00021,39330.47317,1.38479,54464.38632,0.02929001126181241,0.02659879552624032,1.2537121722546557e+30,9.468410031377204e-13,8.375091765127616,8.153064587074825e+33,6.157903766672828e-09,0.13684230592606286,4.3392410554941294e-09
1.625,2.7,20861,78518.67078,882,3407.98382,0.00014,27851.80121,1.31678,36674.62746,0.043403483351733836,0.04227985235607114,1.2564340555720512e+30,9.488966509871242e-13,3.7638977412396337,1.2242429014818503e+34,9.246547594273792e-09,0.2054788354283065,6.515691128497796e-09
1.625,3.25,17558,30722.00962,1039,2016.13109,9e-05,19861.16596,1.25573,24940.24695,0.06562497424281452,0.059175304704408245,1.2219687519096014e+30,9.228674208213891e-13,1.7497442544708965,1.74175182229842e+34,1.3155225243945768e-08,0.2923383387543504,9.269987910779756e-09
1.625,3.85,24178,20703.01099,1524,1419.18494,6e-05,14571.67317,1.20075,17496.9223,0.0685496878055804,0.0630325088923815,1.667488514472359e+30,1.259337296633456e-12,0.8562747534949127,3.4073078593970986e+34,2.5734953620824004e-08,0.5718878582405335,1.8134445022847964e-08
1.625,4.6,28070,10847.87565,2001,829.89089,4e-05,10214.24262,1.14412,11686.3551,0.07650261827992101,0.07128607053794087,2.2370444730037673e+30,1.689483024698865e-12,0.3864579853936587,6.764744700354524e+34,5.1093237918085524e-08,1.1354052870685671,3.600346547021078e-08
1.625,5.5,35020,6014.57344,2870,529.16444,2e-05,7174.02991,1.0887,7810.35229,0.08798037720859553,0.0819531696173615,2.9105398685250616e+30,2.198126930386724e-12,0.17174681439177614,1.3235961207068259e+35,9.996949552166358e-08,2.2215443449258574,7.04447090603075e-08
1.625,6.5,34991,2673.78725,2917,245.93298,2e-05,4966.62389,1.03836,5157.13446,0.09197926274799911,0.08336429367551657,4.21630109026579e+30,3.184276935477524e-12,0.07641357063244834,2.8455719928250372e+35,2.1492235595355265e-07,4.776052354523392,1.5144762666550583e-07
1.625,7.5,34907,1322.41396,2770,113.5767,1e-05,3634.63602,0.99647,3621.81372,0.08588589007333225,0.07935371128999914,6.429572018780674e+30,4.855805466944093e-12,0.03788391898473086,6.146859347031565e+35,4.642643011353145e-07,10.316984469673656,3.2714943143308145e-07
1.625,8.5,35017,705.36065,2412,52.01528,1e-05,2737.26223,0.96082,2630.02471,0.07374281511167373,0.06888082931147728,1.0312179266014948e+31,7.788066812185595e-12,0.020143377502355998,1.346412054304043e+36,1.016927533462268e-06,22.598389632494843,7.165902344144737e-07
1.625,9.5,34874,395.26914,2043,26.57043,1e-05,2109.3702,0.92994,1961.59182,0.0672211091409767,0.05858232494121695,1.5167558542079816e+31,1.1454994745170164e-11,0.011334207145724608,2.6250233812550265e+36,1.9826460583497178e-06,44.0588012966604,1.3970954241711187e-06
1.625,10.5,35522,241.71232,1549,12.86812,0.0,1686.0953,0.90281,1522.22322,0.05323733601994304,0.043606778897584596,2.4679442101305697e+31,1.8638654256706968e-11,0.00680458082315185,5.520930796417813e+36,4.169887308472668e-06,92.66416241050374,2.938361314386851e-06
1.6749999999999998,2.2,14078,155448.46831,405,4419.41726,0.00023,49007.95875,1.38479,67865.65691,0.028430111329155495,0.028768290950419093,1.036576545996152e+30,7.82853671169966e-13,11.041942627503907,6.370975706421528e+33,4.8119151861189785e-09,0.10693144858042175,3.3907739910077927e-09
1.6749999999999998,2.7,21050,105538.78916,1019,5018.12789,0.00014,34863.619,1.31678,45907.63194,0.04754771141435369,0.04840855106888361,9.162531621034936e+29,6.919818458602021e-13,5.0137192,8.389582912762313e+33,6.336542985470025e-09,0.14081206634377832,4.465121332565269e-09
1.6749999999999998,3.25,17584,41629.45991,1130,2606.18798,9e-05,25130.30233,1.25573,31556.85558,0.06260441489354888,0.06426296633303002,1.0123514574380878e+30,7.645581583249661e-13,2.3674624607597816,1.3494038139182883e+34,1.0191871706331482e-08,0.22648603791847738,7.181825149621936e-09
1.6749999999999998,3.85,24439,28716.30407,1723,1942.61618,6e-05,18620.87174,1.20075,22358.99352,0.06764854471747485,0.07050206636932771,1.3222673895240197e+30,9.986159576497392e-13,1.175019602684234,2.5160914700092737e+34,1.9003712009133484e-08,0.42230471131407743,1.339119454953315e-08
1.6749999999999998,4.6,27679,14924.31686,2147,1118.98564,4e-05,13215.54386,1.14412,15120.21441,0.07497734405513018,0.07756783120777484,1.7641763419841818e+30,1.3323588414652833e-12,0.5391927764731385,4.94715910742161e+34,3.7365250056054454e-08,0.8303388901345434,2.632987348219633e-08
1.6749999999999998,5.5,34811,8556.70247,2930,692.50833,3e-05,9483.2881,1.0887,10324.43716,0.08093168278644144,0.08416879721926977,2.3935639749860512e+30,1.8076912430979917e-12,0.24580455804199822,1.0053597478026004e+35,7.593351569506045e-08,1.6874114598902323,5.3507466384139785e-08
1.6749999999999998,6.5,34894,3894.83582,2979,318.99643,2e-05,6676.63649,1.03836,6932.73999,0.08190240737798288,0.08537284346879119,3.522316814326042e+30,2.6601592132966103e-12,0.11161906975411245,2.187736082187503e+35,1.652368642135576e-07,3.6719303158568355,1.1643614649469925e-07
1.6749999999999998,7.5,35096,1979.60335,2867,153.1548,1e-05,4965.3318,0.99647,4947.81507,0.07736640777052635,0.08169022110781855,5.224733031799029e+30,3.945874957932957e-12,0.05640538380442216,4.583075424341908e+35,3.461537329563374e-07,7.692305176807499,2.4392139703220124e-07
1.6749999999999998,8.5,34809,1062.73458,2537,71.94492,1e-05,3796.73149,0.96082,3647.98722,0.06769791945605082,0.07288344968255336,8.098439938923453e+30,6.116184532077223e-12,0.030530454192881154,9.6765692421369e+35,7.308587040888896e-07,16.241304535308657,5.150083883596099e-07
1.6749999999999998,9.5,34955,608.25789,2071,33.0496,1e-05,2956.85048,0.92994,2749.69927,0.054334848003369095,0.0592476040623659,1.338647837621123e+31,1.0109869629341612e-11,0.01740116978972965,2.1153054802478703e+36,1.597662749431926e-06,35.5036166540428,1.1258122987710173e-06
1.6749999999999998,10.5,35071,370.21777,1642,16.32614,0.0,2383.23742,0.90281,2151.60989,0.044098747610089056,0.04681930940092954,2.1078524550669454e+31,1.5919133411879353e-11,0.01055623649168829,4.296300288984414e+36,3.2449397953054482e-06,72.10977322900996,2.286585909088342e-06
1.725,2.2,14269,192076.4306,502,5861.19896,0.00024,56857.10306,1.38479,78735.06156,0.030514930653860246,0.035181161959492606,8.324332844307206e+29,6.286785623674348e-13,13.461099628565421,4.868969675787972e+33,3.677469543646504e-09,0.08172154541436676,2.5913732056813404e-09
1.725,2.7,21009,132347.04966,1077,6393.63276,0.00015,41448.53007,1.31678,54578.49522,0.04830959795798444,0.05126374410966728,7.585339349904491e+29,5.728675590895318e-13,6.299540656861344,6.571850711050223e+33,4.963633467560591e-09,0.1103029659457909,3.4976841053332986e-09
1.725,3.25,17417,51470.87143,1168,3171.57744,0.0001,29536.60736,1.25573,37089.98167,0.06161887980298374,0.06706091749440202,8.751038170153513e+29,6.609046273056047e-13,2.9552087862433254,1.0983178137375073e+34,8.295451765389027e-09,0.1843433725642006,5.845489997596417e-09
1.725,3.85,24690,36779.6099,1904,2625.07867,7e-05,22133.63809,1.20075,26576.94427,0.07137320589145237,0.07711624139327664,1.0543620004438163e+30,7.962857793548948e-13,1.489656132037262,1.8810864818767506e+34,1.4207601826863674e-08,0.315724485041415,1.0011557744844462e-08
1.725,4.6,28090,19461.98114,2307,1415.82205,4e-05,15854.13498,1.14412,18139.08853,0.07274809485299913,0.08212887148451406,1.5156290153043632e+30,1.1446484520084308e-12,0.6928437572089712,3.968012788047763e+34,2.9969885106100925e-08,0.6659974468022428,2.111864049981744e-08
1.725,5.5,35084,11062.98852,2991,867.47979,3e-05,11311.74269,1.0887,12315.07208,0.07841278949460574,0.0852525367688975,2.0711241543473575e+30,1.5641750278282285e-12,0.3153285976513511,8.088718700870254e+34,6.10930415473584e-08,1.3576231454968535,4.3049947536049385e-08
1.725,6.5,34864,5064.1288,3157,415.95567,2e-05,8049.1708,1.03836,8357.9222,0.08213765613544426,0.09055185865075722,2.913327885060948e+30,2.2002325240245812e-12,0.14525380908673705,1.6763324803337815e+35,1.2661121452672064e-07,2.8135825450382366,8.921811723231344e-08
1.725,7.5,35017,2586.2758,2908,186.15608,1e-05,6004.76662,0.99647,5983.58295,0.07197843323592944,0.08304537795927693,4.643722835273246e+30,3.5070786460790315e-12,0.07385772053573977,3.7621118794508355e+35,2.8414742291924736e-07,6.314387175983275,2.0022790385538035e-07
1.725,8.5,35199,1422.13429,2626,87.41825,1e-05,4628.14247,0.96082,4446.82607,0.061469757543079845,0.07460439217023211,7.316752294761121e+30,5.525830597961725e-12,0.04040269013324242,8.053009526042903e+35,6.082333478884367e-07,13.516296619743038,4.2859895420291217e-07
1.725,9.5,34942,824.5696,2201,42.33466,1e-05,3684.8897,0.92994,3426.73348,0.05134152411148798,0.06299009787648102,1.1367917444673098e+31,8.58539192256861e-12,0.023598237078587374,1.6507514173965258e+36,1.2467911007526629e-06,27.70646890561473,8.785663656016848e-07
1.725,10.5,35279,505.90534,1629,17.73187,0.0,2968.73596,0.90281,2680.20367,0.03504977828460953,0.0461747781966609,2.1290061846709404e+31,1.6078892717097954e-11,0.014340126987726411,3.9791629422051927e+36,3.005410077194254e-06,66.78689060431675,2.1177984083053258e-06
1.775,2.2,13891,169559.9905,525,6073.84017,0.00025,49369.22521,1.38479,68365.93454,0.03582118725112809,0.03779425527319848,8.166768874117395e+29,6.16778859158477e-13,12.206463933482112,4.5740419936008944e+33,3.4547144966774125e-09,0.07677143325949806,2.4344061789541497e-09
1.775,2.7,20893,120932.29933,1165,6500.82855,0.00016,36258.34145,1.31678,47744.17121,0.053755932749285966,0.05576030249365816,7.792615264815967e+29,5.88521657338265e-13,5.788173040252716,6.427796038398829e+33,4.854830844712106e-09,0.10788512988249124,3.421015026715222e-09
1.775,3.25,17505,47527.94077,1190,3256.20752,0.00011,25709.01281,1.25573,32283.55925,0.06851143700413259,0.06798057697800629,9.04243736916142e+29,6.829119680659632e-13,2.715106584975721,1.0751771742115503e+34,8.120673521235274e-09,0.18045941158300607,5.72233040280968e-09
1.775,3.85,24366,33465.39963,1911,2552.17232,7e-05,19250.58337,1.20075,23115.11913,0.0762630163756392,0.07842895838463433,1.134540179705839e+30,8.568387430751747e-13,1.3734465907411968,1.909432196960744e+34,1.4421693330519212e-08,0.32048207401153805,1.0162419901431319e-08
1.775,4.6,28000,18229.94202,2375,1484.82804,5e-05,13993.76425,1.14412,16010.59465,0.08144995954298709,0.08482142857142858,1.5336690744774833e+30,1.1582728453118972e-12,0.6510693578571428,3.771480500866618e+34,2.8485502272406475e-08,0.6330111616090328,2.007265225802362e-08
1.775,5.5,34960,10302.22447,3318,931.37942,3e-05,9888.57037,1.0887,10765.66717,0.0904056616813359,0.09490846681922196,2.0549128949068477e+30,1.551931798887431e-12,0.29468605463386727,7.50714461781859e+34,5.6700488049989345e-08,1.2600108455553187,3.9954681809846484e-08
1.775,6.5,34931,4710.23618,3315,432.39063,2e-05,6963.79003,1.03836,7230.90822,0.09179807837151809,0.09490137700037216,3.0130306972634726e+30,2.2755310756464557e-12,0.1348440119091924,1.6157149381336041e+35,1.2203285031220573e-07,2.7118411180490165,8.599191774635389e-08
1.775,7.5,35224,2408.09089,3025,202.74995,1e-05,5163.80351,0.99647,5145.5866,0.08419530626603551,0.08587894617306382,4.6164402918845123e+30,3.4864740517215556e-12,0.06836506047013399,3.4746247779592545e+35,2.6243389561625786e-07,5.8318643470279525,1.8492720532178946e-07
1.775,8.5,34907,1314.82839,2746,95.33906,1e-05,3997.72652,0.96082,3841.10788,0.07251064908934618,0.07866617010914716,7.180781269665654e+30,5.4231412050945195e-12,0.03766661099492938,7.322706978650723e+35,5.530745452153114e-07,12.29054544922914,3.8973063956206054e-07
1.775,9.5,35179,766.98569,2201,43.32613,1e-05,3146.74229,0.92994,2926.28763,0.05648883749056648,0.06256573523977373,1.2099024242618327e+31,9.137545685838174e-12,0.021802373290883765,1.6239160986684017e+36,1.2265227331332339e-06,27.256060736294085,8.642840162447389e-07
1.775,10.5,34946,465.52206,1675,21.07663,1e-05,2543.42475,0.90281,2296.22857,0.04527525505450805,0.04793109368740342,1.9237736589539917e+31,1.4528915179774878e-11,0.013321182968007784,3.316089906213659e+36,2.504599627049591e-06,55.65776948999091,1.764896292807931e-06
1.825,2.2,13993,167155.04274,510,5841.64202,0.00026,46520.13224,1.38479,64420.5434,0.034947447137962426,0.03644679482598442,8.883623722761876e+29,6.70917885564676e-13,11.94561871935968,4.7907762756061514e+33,3.618411084294676e-09,0.08040913520654835,2.5497569509940498e-09
1.825,2.7,21027,117779.91618,1181,6603.499,0.00017,33592.19694,1.31678,44233.45188,0.05606642638383307,0.05616588196128787,8.064478494150519e+29,6.090535831244256e-13,5.601365681266943,6.368441942673118e+33,4.810001467275769e-09,0.1068889214950171,3.3894254659759353e-09
1.825,3.25,17547,47324.30291,1244,3337.51093,0.00011,24328.45349,1.25573,30549.95054,0.07052424916532173,0.07089530973955661,9.282843165205997e+29,7.010681342199227e-13,2.6970025024220665,1.051502174406362e+34,7.94185932331089e-09,0.176485762740242,5.596326824589104e-09
1.825,3.85,24595,33851.10948,2057,2787.71317,8e-05,18298.79143,1.20075,21972.2559,0.08235219503357914,0.08363488513925595,1.1052999944226866e+30,8.347556788933513e-13,1.376341105102663,1.7645287373664775e+34,1.332725632452022e-08,0.29616125165600493,9.391211683663271e-09
1.825,4.6,28054,18124.39266,2556,1586.32087,5e-05,13114.73361,1.14412,15004.87503,0.08752408424150748,0.09111000213873244,1.5228952689693242e+30,1.1501361445278484e-12,0.6460537770014971,3.536989335581269e+34,2.6714420963604747e-08,0.5936537991912166,1.882463848272503e-08
1.825,5.5,35084,10348.67592,3408,975.6713,3e-05,9309.38462,1.0887,10135.10878,0.09427981971243332,0.0971382966594459,2.0930655900372037e+30,1.5807458575917253e-12,0.2949685303842207,7.191766325400778e+34,5.431847677795149e-08,1.2070772617322554,3.827616887786198e-08
1.825,6.5,34823,4756.78033,3258,441.42468,2e-05,6609.86732,1.03836,6863.40968,0.09279904670308795,0.09355885477988686,3.140122262432287e+30,2.371514434281615e-12,0.13659880912040892,1.5777550090765199e+35,1.1916578618402716e-07,2.64812858186727,8.397160647727264e-08
1.825,7.5,35426,2500.77899,3146,219.22032,1e-05,4980.16335,0.99647,4962.59429,0.08766081324123728,0.08880483260881838,4.597436387315361e+30,3.472121733490945e-12,0.07059162733585501,3.231999661345262e+35,2.441087357511527e-07,5.424638572247837,1.7201416071308466e-07
1.825,8.5,34685,1335.84062,2724,102.99041,1e-05,3807.39338,0.96082,3658.2314,0.07709782773337137,0.07853538993801355,7.091150140276281e+30,5.355449090156545e-12,0.03851349632405939,6.735578584452667e+35,5.087295003363041e-07,11.305100007473426,3.584823695926378e-07
1.825,9.5,34956,783.39534,2282,50.05462,1e-05,3005.42698,0.92994,2794.8726,0.0638944571715221,0.06528206888660029,1.1199658871974382e+31,8.458318006173537e-12,0.02241089769996567,1.3967142293758298e+36,1.0549201128216236e-06,23.442669173813858,7.433621630458479e-07
1.825,10.5,34957,479.46658,1657,21.06035,1e-05,2427.80654,0.90281,2191.84733,0.04392454214431379,0.04740109277111881,2.077363285101768e+31,1.568887006345267e-11,0.013715896100923993,3.3196979157516375e+36,2.507324709782203e-06,55.718326884048956,1.7668165551765905e-06
1.875,2.2,13755,163491.64622,538,6561.2265,0.00027,44791.7954,1.38479,62027.16245,0.04013187616430865,0.0391130498000727,8.034495617579122e+29,6.067891864344929e-13,11.885979368956743,4.1928136454365656e+33,3.166777677822179e-09,0.07037283728493732,2.231508031612675e-09
1.875,2.7,20864,116644.25877,1227,7674.21693,0.00017,32260.42795,1.31678,42479.80833,0.06579163870492825,0.05880943251533742,7.156105645297662e+29,5.40450543410442e-13,5.5906949180406444,5.437427737659743e+33,4.106818532975636e-09,0.09126263406612525,2.8939191421272593e-09
1.875,3.25,17508,47630.63502,1276,3775.33197,0.00012,23496.45892,1.25573,29505.19064,0.07926268395151033,0.07288096870002285,8.551903595859398e+29,6.458653874978776e-13,2.7205069122686774,9.274945959255604e+33,7.0052461927912405e-09,0.1556721376175831,4.936331101521534e-09
1.875,3.85,24464,34072.97478,2047,3093.73912,8e-05,17653.18287,1.20075,21197.04206,0.09079744694953812,0.08367396991497711,1.0391568312608563e+30,7.84802379926634e-13,1.3927801986592543,1.5815166729378268e+34,1.1944989976871802e-08,0.26544422170826226,8.417181053661284e-09
1.875,4.6,27818,18468.58635,2533,1746.40752,5e-05,12792.35905,1.14412,14636.03871,0.09456097434333408,0.09105615069379538,1.4450887089636167e+30,1.0913742987414973e-12,0.6639077701488245,3.185739832361693e+34,2.406147909638741e-08,0.5346995354752758,1.695521104373655e-08
1.875,5.5,34912,10592.66449,3389,1093.15581,3e-05,9051.05236,1.0887,9853.86296,0.10319932355376622,0.09707263978001833,1.966738533916743e+30,1.485339879100327e-12,0.3034104173350137,6.38737857506333e+34,4.8243040597155055e-08,1.072067568825668,3.399503960000216e-08
1.875,6.5,35129,5009.28885,3364,492.48027,2e-05,6497.10686,1.03836,6746.32393,0.09831341029575486,0.09576133678726978,3.015435505415342e+30,2.2773472588288963e-12,0.14259696689344986,1.4266155271560421e+35,1.0775041745891555e-07,2.3944537213092345,7.592762941746685e-08
1.875,7.5,35101,2621.51443,3244,246.70165,2e-05,4945.26751,0.99647,4927.82156,0.09410653902065302,0.09241901940115667,4.3127593042914493e+30,3.257125069323653e-12,0.0746848930229908,2.8456234484041757e+35,2.1492624232659934e-07,4.776138718368874,1.5145036524508099e-07
1.875,8.5,34980,1449.02552,2699,110.99755,1e-05,3832.83929,0.96082,3682.68042,0.0766015149270801,0.07715837621497999,7.089712175144615e+30,5.354363095796854e-12,0.04142440022870211,6.3028418194816005e+35,4.7604545464362535e-07,10.578787880969452,3.354511631459111e-07
1.875,9.5,35008,853.26914,2170,49.32832,1e-05,3051.58936,0.92994,2837.80094,0.05781097392084284,0.06198583180987203,1.2190956499495352e+31,9.20697568121392e-12,0.024373547189213893,1.4193874837010464e+36,1.0720449272666511e-06,23.82322060592558,7.554293697972343e-07
1.875,10.5,34730,521.65744,1605,21.47971,1e-05,2476.48052,0.90281,2235.79067,0.041175891213206896,0.04621364814281601,2.1724803068034443e+31,1.640722231556109e-11,0.015020369709185142,3.233749431440182e+36,2.442408936133068e-06,54.2757541362904,1.721072873423719e-06
1.925,2.2,14010,163960.2421,591,7066.65875,0.00027,42869.90949,1.38479,59365.75697,0.04309983115107879,0.042184154175588864,7.816609516613755e+29,5.903337751388682e-13,11.703086516773734,3.965098781655474e+33,2.9947875994376688e-09,0.06655083554305931,2.1103131514161374e-09
1.925,2.7,20867,119104.51507,1359,8103.70454,0.00018,31835.63553,1.31678,41920.45119,0.06803860067972485,0.06512675516365553,7.012109256418271e+29,5.295755046007303e-13,5.7077929299851435,5.149990327756939e+33,3.889720791357204e-09,0.08643823980793787,2.740938603752469e-09
1.925,3.25,17601,48038.31851,1336,4037.11446,0.00012,22673.17651,1.25573,28471.37084,0.08403946235461188,0.07590477813760582,8.358692569091802e+29,6.31273511750759e-13,2.7292948417703538,8.719594242071602e+33,6.5857962553410885e-09,0.14635102789646864,4.640760651207149e-09
1.925,3.85,24416,34654.1537,2154,3182.63225,8e-05,17228.79176,1.20075,20687.45485,0.09183984920110745,0.08822083879423329,1.0526688468713628e+30,7.950070590373557e-13,1.4193214981979032,1.5343274423238812e+34,1.1588575848367682e-08,0.257523907741504,8.166029545329275e-09
1.925,4.6,27824,19076.58997,2680,1936.76236,5e-05,12596.74109,1.14412,14412.2276,0.10152560615108717,0.09631972397929844,1.3668576652931025e+30,1.0322918701707593e-12,0.6856163732748707,2.873248734553061e+34,2.1701274430159066e-08,0.4822505428924237,1.5292064399176296e-08
1.925,5.5,34928,11184.91984,3456,1132.41394,4e-05,9070.25577,1.0887,9874.76967,0.10124470771352438,0.09894640403114979,2.0004637695611205e+30,1.5108101877208067e-12,0.3202278928080623,6.168768992723633e+34,4.659191082117547e-08,1.0353757960261216,3.283155111701299e-08
1.925,6.5,35255,5396.23359,3474,537.77847,2e-05,6596.21001,1.03836,6849.2285,0.09965811543009946,0.09853921429584456,2.9300543099217873e+30,2.212864821329044e-12,0.15306292979719188,1.3111346759568118e+35,9.902829878827883e-08,2.200628861961752,6.978148344627575e-08
1.925,7.5,34738,2732.25132,3133,246.42301,2e-05,4909.88668,0.99647,4892.56555,0.09019046242056533,0.09018941792849329,4.5324469441886417e+30,3.423039758468878e-12,0.07865309804824687,2.8193795701140085e+35,2.129440762925988e-07,4.732090584279974,1.50053608075849e-07
1.925,8.5,34992,1542.48622,2827,119.41644,1e-05,3834.23757,0.96082,3684.02392,0.07741815677290134,0.08078989483310471,7.012368451392794e+30,5.2959507978194945e-12,0.044081110539551896,5.8604996096014925e+35,4.426359221753393e-07,9.836353826118652,3.1190873370492935e-07
1.925,9.5,34817,909.48912,2186,51.38297,1e-05,3066.66797,0.92994,2851.82317,0.056496519716475554,0.06278542091507022,1.2413255861447769e+31,9.374862821122096e-12,0.02612198408823276,1.3551960892879488e+36,1.0235620009727708e-06,22.745822243839353,7.212652918518314e-07
1.925,10.5,35057,570.08867,1571,22.09761,1e-05,2508.18405,0.90281,2264.41293,0.03876170701655937,0.04481273354822147,2.2786177441026284e+31,1.7208804048807704e-11,0.01626176426961805,3.172922320558648e+36,2.3964670094853833e-06,53.25482243300852,1.68869934148302e-06
1.975,2.2,13851,165545.55697,565,6578.67365,0.00028,42731.85787,1.38479,59174.58468,0.03973935495709003,0.04079127860804274,8.504993063353662e+29,6.423225635037883e-13,11.951884843693596,4.2108791944710613e+33,3.1804223523195323e-09,0.07067605227376739,2.241122915834836e-09
1.975,2.7,20587,120875.20649,1331,8245.95159,0.00018,31785.93977,1.31678,41855.01293,0.0682187177126534,0.06465245057560597,7.004529414673172e+29,5.290030522372306e-13,5.871433744110361,4.9932381424519124e+33,3.771327902154012e-09,0.08380728671453361,2.657511628441578e-09
1.975,3.25,17453,49759.65972,1421,4069.99799,0.00012,22876.89753,1.25573,28727.18928,0.08179312344381119,0.0814186672778319,8.511773663538777e+29,6.428346547495489e-13,2.8510662762848797,8.576417011940588e+33,6.477656353429446e-09,0.14394791896509881,4.564558566879085e-09
1.975,3.85,24198,35399.27363,2189,3256.70651,9e-05,17078.30716,1.20075,20506.76061,0.09199924676533539,0.0904620216546822,1.0601044618985586e+30,8.00622658332874e-13,1.4629008029589223,1.486041184595415e+34,1.1223876016581683e-08,0.2494194670351485,7.909039416385987e-09
1.975,4.6,27726,19559.91714,2619,1886.72715,6e-05,12411.07612,1.14412,14199.80395,0.09645885187016696,0.09446007357714781,1.460177187197022e+30,1.1027695696677154e-12,0.7054720168794634,2.939057722257296e+34,2.2198321165085313e-08,0.49329602589078475,1.5642314367414533e-08
1.975,5.5,34466,11381.72217,3555,1185.17455,4e-05,8918.19823,1.0887,9709.22492,0.1041296327829798,0.10314512853246678,1.9782040967643207e+30,1.49399901575736e-12,0.3302304349213718,5.816189691214682e+34,4.392892516023173e-08,0.9761983368940385,3.09550461978069e-08
1.975,6.5,34802,5474.02425,3341,536.01665,2e-05,6437.74911,1.03836,6684.68933,0.09792003570316664,0.09600022987184645,3.0554642326353816e+30,2.3075781531873582e-12,0.15729050772944084,1.2985417523877289e+35,9.80771716304931e-08,2.1794927028998465,6.911126023908697e-08
1.975,7.5,34771,2832.67643,3102,243.98172,2e-05,4814.03152,0.99647,4797.04854,0.08613116465264618,0.08921227459664663,4.8405595013846505e+30,3.6557355950340986e-12,0.08146663685254954,2.8502955057452666e+35,2.152791167481319e-07,4.783980372180709,1.5169902245626297e-07
1.975,8.5,34868,1604.0088,2766,127.03453,1e-05,3776.80644,0.96082,3628.84277,0.07919815028446228,0.0793277503728347,6.958999504649133e+30,5.2556449699034305e-12,0.046002317311001496,5.489531074740071e+35,4.1461715066012616e-07,9.213714459113914,2.9216496889630624e-07
1.975,9.5,35084,948.2313,2144,52.1531,1e-05,2987.14573,0.92994,2777.87209,0.05500039916421236,0.06111047771063733,1.3090369634452334e+31,9.88623943391914e-12,0.027027456960437807,1.3454233784760637e+36,1.0161807994532202e-06,22.581795543404894,7.160640393012714e-07
1.975,10.5,35180,594.58747,1595,23.01257,1e-05,2448.31455,0.90281,2210.36216,0.0387034223913262,0.04533826037521319,2.337852939938619e+31,1.7656165999083294e-11,0.016901292495736214,3.057459466717538e+36,2.3092594159498017e-06,51.316875909995595,1.6272474603626204e-06
2.025,2.2,14073,160483.62226,631,7369.49762,0.00029,39942.50212,1.38479,55311.91697,0.04592055884718663,0.04483763234562638,7.874157922551005e+29,5.946800032135794e-13,11.403653965750019,3.8192562710943647e+33,2.8846346458416647e-09,0.06410299212981477,2.032692545973325e-09
2.025,2.7,20752,115234.70411,1327,7774.98349,0.00019,29289.226,1.31678,38567.39621,0.06747085047034274,0.06394564379336931,7.685878092523528e+29,5.804605462218509e-13,5.552944492579029,5.338146383639459e+33,4.031832616041886e-09,0.08959628035648637,2.8410794126232357e-09
2.025,3.25,17404,47766.92238,1481,4407.3097,0.00013,21353.18209,1.25573,26813.81523,0.09226698058833573,0.0850953803723282,8.083977100021551e+29,6.10526176272302e-13,2.7445944828774995,7.897788530722042e+33,5.9650970775846225e-09,0.13255771283521384,4.2033774998482314e-09
2.025,3.85,24367,34633.18475,2246,3406.66058,9e-05,16019.554,1.20075,19235.46378,0.09836405761095939,0.09217384167111257,1.057038725315089e+30,7.983073221924998e-13,1.4213150880288916,1.4305505011597015e+34,1.0804762093351218e-08,0.24010582429669375,7.613705742538488e-09
2.025,4.6,28039,19230.62664,2800,1991.649,6e-05,11598.10347,1.14412,13269.66283,0.1035665159167169,0.09986090802097079,1.4552940083640475e+30,1.0990816466762687e-12,0.6858527993152395,2.8156567748634423e+34,2.1266289840358324e-08,0.4725842186746294,1.4985547268982413e-08
2.025,5.5,34996,11474.3909,3531,1202.95389,4e-05,8474.94398,1.0887,9226.65489,0.10483814787937894,0.10089724539947423,2.0675993122322955e+30,1.561512961432139e-12,0.32787721168133505,5.818344375610272e+34,4.394519921155794e-08,0.9765599824790654,3.096651390407995e-08
2.025,6.5,34699,5398.95969,3553,559.32631,3e-05,6071.33486,1.03836,6304.22011,0.10359890462527237,0.10239488169687887,3.062269889775339e+30,2.3127179894081557e-12,0.15559410040635177,1.240742635546681e+35,9.371167942195474e-08,2.0824817649323277,6.603506357598705e-08
2.025,7.5,34707,2812.5396,3253,263.92761,2e-05,4550.09609,0.99647,4534.04423,0.09383960673833713,0.09372749013167372,4.700651606337772e+30,3.550072960001338e-12,0.08103666695479299,2.6300393505628297e+35,1.9864345548057624e-07,4.414299010679472,1.3997650338278388e-07
2.025,8.5,35083,1587.68911,2794,117.70565,1e-05,3520.06823,0.96082,3382.16277,0.07413645987658125,0.0796397115412023,7.976339799391691e+30,6.0239708476638395e-12,0.04525522646295927,5.9611412026525484e+35,4.502372509556305e-07,10.005272243458455,3.1726510158100123e-07
2.025,9.5,34821,936.17309,2103,50.14052,1e-05,2807.7419,0.92994,2611.03695,0.053559027209380695,0.06039458947187042,1.4301589146739368e+31,1.0800988706849457e-11,0.026885301685764338,1.3889365327683077e+36,1.0490457196135254e-06,23.312127102522787,7.392227011200783e-07
2.025,10.5,35155,585.07985,1510,22.12861,1e-05,2272.54521,0.90281,2051.6759,0.037821521284658835,0.04295263831602902,2.5774024989117024e+31,1.946531605552226e-11,0.016642863035130136,3.1773346812113375e+36,2.3997996081656624e-06,53.32888018145917,1.691047697281176e-06
2.075,2.2,14083,157289.36301,675,7636.00483,0.00029,38453.83803,1.38479,53250.43208,0.04854749668936306,0.047930128523752044,7.736419640940433e+29,5.842775954188076e-13,11.16873982887169,3.68857807545415e+33,2.78593510230676e-09,0.06190966894015022,1.963142723875895e-09
2.075,2.7,20753,113859.27075,1468,8058.21491,0.00019,28292.68756,1.31678,37255.17673,0.07077346321401765,0.07073676095022406,7.585302760332422e+29,5.728647957353993e-13,5.486400556546041,5.150768558988457e+33,3.890308579296417e-09,0.08645130176214261,2.741352795603203e-09
2.075,3.25,17666,48609.06834,1494,4311.85462,0.00013,20829.99806,1.25573,26156.83775,0.0887047369400374,0.08456922902751048,8.619814997354203e+29,6.509942600524282e-13,2.7515605309634323,8.194153818664692e+33,6.188937929505054e-09,0.1375319539890012,4.36110965211191e-09
2.075,3.85,24595,34534.20756,2242,3212.03192,9e-05,15333.27359,1.20075,18411.41326,0.09301015274259271,0.09115673917462899,1.1679184302883572e+30,8.82046998178655e-13,1.4041149648302502,1.5314293638775543e+34,1.1566687038350106e-08,0.25703748974111346,8.150605331719732e-09
2.075,4.6,28232,19685.69383,2870,2026.30096,6e-05,11374.60452,1.14412,13013.95243,0.10293266661051184,0.10165769339756305,1.4930266398085455e+30,1.1275784606967338e-12,0.697283006163219,2.786555458178335e+34,2.1046491375969295e-08,0.46769980835487324,1.4830663633779592e-08
2.075,5.5,34976,11471.14827,3686,1224.607,4e-05,8142.68064,1.0887,8864.92045,0.10675539808012612,0.10538655077767613,2.113320221072316e+30,1.5960427619306064e-12,0.32797198850640435,5.712199913931572e+34,4.314350388165839e-08,0.9587445307035198,3.0401589634180616e-08
2.075,6.5,35239,5450.82981,3459,527.78515,3e-05,5774.542,1.03836,5996.04282,0.0968265692375378,0.09815829053037828,3.4448532503237616e+30,2.6016564083707887e-12,0.15468173926615397,1.3353539787923173e+35,1.008575512683019e-07,2.2412789170733753,7.107048823799389e-08
2.075,7.5,35340,2863.36992,3190,242.16606,2e-05,4337.83338,0.99647,4322.53034,0.08457379478233815,0.09026598754951896,5.47086663254759e+30,4.1317624292331315e-12,0.08102348387096775,2.918658378469716e+35,2.2044247571523532e-07,4.898721682560785,1.5533744554035975e-07
2.075,8.5,35216,1591.87693,2676,112.4836,1e-05,3342.60888,0.96082,3211.65573,0.07066099010556048,0.07598818718764198,8.812949708255398e+30,6.655803721966164e-12,0.04520322949795547,6.261535014882169e+35,4.729256053536381e-07,10.509457896747513,3.332527237679957e-07
2.075,9.5,35002,941.19366,2145,50.19947,1e-05,2662.55227,0.92994,2476.01903,0.053335962760310135,0.06128221244500314,1.5144532744282789e+31,1.1437604972647675e-11,0.026889710873664364,1.3945167150171104e+36,1.0532603587742524e-06,23.405785750538943,7.421925973661512e-07
2.075,10.5,34909,580.26895,1462,20.28056,1e-05,2146.71319,0.90281,1938.07352,0.03495027607456853,0.041880317396659886,2.9526307422968474e+31,2.2299152196184935e-11,0.016622330917528433,3.442607107496045e+36,2.600156425601242e-06,57.78125390224982,1.8322315418014276e-06
2.125,2.2,14157,155650.60775,748,7502.80077,0.00029,37324.90728,1.38479,51687.10178,0.04820283632975407,0.05283605283605284,8.027405860748869e+29,6.062537467524256e-13,10.994603923853923,3.7737907306846957e+33,2.8502951138101927e-09,0.06333989141800428,2.0084947811391515e-09
2.125,2.7,21193,115652.35005,1577,7784.09602,0.0002,27601.58371,1.31678,36345.14668,0.06730599089974999,0.0744113622422498,8.175792249353403e+29,6.174603314971227e-13,5.457101403765394,5.445205183889804e+33,4.112692737076891e-09,0.09139317193504203,2.898058470796614e-09
2.125,3.25,17765,47715.44221,1587,4120.81586,0.00014,19849.01648,1.25573,24924.99049,0.08636231100749134,0.08933295806360822,9.291177117176474e+29,7.016975392475246e-13,2.685924132282578,8.622079026845912e+33,6.512144280095098e-09,0.14471431733544662,4.58886089977951e-09
2.125,3.85,24396,34866.55909,2324,3203.6103,9e-05,15171.13747,1.20075,18216.72847,0.09188203205629258,0.09526151828168553,1.1948930063268116e+30,9.024190063641805e-13,1.4291916334645025,1.5230316870937765e+34,1.1503260476539096e-08,0.2556280105897577,8.105911041024788e-09
2.125,4.6,27622,19184.89014,2813,1779.45409,6e-05,10965.57508,1.14412,12545.97223,0.09275289444008253,0.10183911374990949,1.7186925826605442e+30,1.2980081433883724e-12,0.6945510875389183,3.1045476424738774e+34,2.3448245033790614e-08,0.5210721118620136,1.6523088275685365e-08
2.125,5.5,34872,11469.05631,3682,1180.41599,4e-05,7868.87183,1.0887,8566.82533,0.10292180612722093,0.10558614361091993,2.268311448395732e+30,1.713096781508747e-12,0.32889012130075707,5.908425554282775e+34,4.462557065168258e-08,0.9916793478151684,3.144594583381432e-08
2.125,6.5,35253,5543.29953,3442,516.01805,3e-05,5634.48707,1.03836,5850.61564,0.09308861034972793,0.0976370805321533,3.672246966765975e+30,2.7733909574548557e-12,0.1572433418432474,1.3663475531524526e+35,1.0319845567616711e-07,2.293299015025936,7.272003472304464e-08
2.125,7.5,34782,2904.56803,3104,235.08671,2e-05,4276.75633,0.99647,4261.66876,0.08093689236123694,0.08924156172733023,5.798341358064177e+30,4.379081155550319e-12,0.08350779224886436,2.9590783758043993e+35,2.2349534560456186e-07,4.96656323565693,1.5748868707689404e-07
2.125,8.5,34972,1609.84826,2705,111.63018,1e-05,3246.39311,0.96082,3119.2094,0.06934205090857445,0.07734759235960197,9.2467428933659e+30,6.983417335069783e-12,0.046032490563879674,6.265689081572743e+35,4.7323935661425544e-07,10.516430146983454,3.334738123726362e-07
2.125,9.5,34866,957.05158,2089,47.39314,1e-05,2585.14338,0.92994,2404.03325,0.04951994332426681,0.059915103539264616,1.6800004058325156e+31,1.2687866519390646e-11,0.027449422933516893,1.4713521830374606e+36,1.1112931896053325e-06,24.695404213451834,7.830861305635411e-07
2.125,10.5,34948,601.42618,1291,18.86745,1e-05,2108.5872,0.90281,1903.653,0.03137118174669417,0.03694059745908206,3.3489705562084224e+31,2.5292429244078407e-11,0.017209173057113426,3.7045811702164305e+36,2.7980220318855214e-06,62.17826737523381,1.97165992437956e-06
2.175,2.2,13993,152635.46334,703,6820.24163,0.0003,36615.98542,1.38479,50705.39495,0.04468320454996563,0.05023940541699421,8.827373729112515e+29,6.666697174769666e-13,10.907987089258913,4.1033736806184095e+33,3.0992248343039342e-09,0.06887166298453187,2.183906106815445e-09
2.175,2.7,20771,111930.40536,1612,8235.26383,0.0002,26811.3136,1.31678,35304.53671,0.07357485933793459,0.07760820374560685,7.699633234629193e+29,5.814993757744273e-13,5.3887826951037505,5.0444042665236626e+33,3.809973010969534e-09,0.08466606691043409,2.684743369813359e-09
2.175,3.25,17578,46460.49048,1643,4275.90702,0.00014,19124.67265,1.25573,24015.41076,0.0920331872484356,0.09346910911366481,9.04889427141656e+29,6.833996126740094e-13,2.6431044760496074,8.221881307419077e+33,6.209880141555193e-09,0.13799733647900428,4.375866834062794e-09
2.175,3.85,24680,35140.22982,2436,3264.98869,0.0001,14736.64192,1.20075,17695.00836,0.0929131285345703,0.0987034035656402,1.2164720636707485e+30,9.187161571412644e-13,1.4238342714748784,1.5117969673579478e+34,1.1418406097869694e-08,0.2537423577304377,8.04611738110216e-09
2.175,4.6,27803,19365.83945,2889,1879.53354,7e-05,10675.68888,1.14412,12214.30661,0.0970540701244944,0.10390965003776571,1.6871256375383157e+30,1.274167840448845e-12,0.6965377639103694,2.958500011657148e+34,2.2345166251186915e-08,0.4965592500263759,1.574579052595053e-08
2.175,5.5,35172,11642.65916,3570,1111.87179,4e-05,7655.45657,1.0887,8334.48055,0.09549981449426885,0.10150119413169567,2.5127479668794275e+30,1.8977025654251394e-12,0.331020674400091,6.326628720385109e+34,4.778420483674553e-08,1.061871218594345,3.3671715455173295e-08
2.175,6.5,35033,5541.21715,3542,523.51088,3e-05,5456.68443,1.03836,5665.99282,0.094475792200275,0.10110467273713356,3.7362285399235225e+30,2.821711758872836e-12,0.15817135700625126,1.3383867017243269e+35,1.0108660889156546e-07,2.2463690864792323,7.123189645101573e-08
2.175,7.5,34635,2848.47829,3131,223.89739,2e-05,4041.23013,0.99647,4026.97345,0.07860245619074036,0.09039988450988884,6.31851632880815e+30,4.7719328818126655e-12,0.08224276858668976,3.0938279360916178e+35,2.336728048407566e-07,5.192728996461258,1.6466035630584913e-07
2.175,8.5,34831,1626.29132,2631,103.69317,1e-05,3149.75931,0.96082,3026.36141,0.06376051370673244,0.07553616031695903,1.0364715787220724e+31,7.827743967389716e-12,0.04669091671212426,6.718089532801436e+35,5.074085749850027e-07,11.275746110777838,3.575515636345078e-07
2.175,9.5,35027,962.64364,2023,46.98187,1e-05,2469.02045,0.92994,2296.04567,0.048805048979495676,0.05775544579895509,1.7847801224996407e+31,1.3479194339548678e-11,0.027482902903474462,1.4910858167203647e+36,1.1261977467676469e-06,25.026616594836597,7.935888062796992e-07
2.175,10.5,34873,602.26283,1063,14.97515,1e-05,2013.40758,0.90281,1817.72392,0.024864808608560482,0.03048203481203223,4.425037471660695e+31,3.341920906019707e-11,0.017270175493935135,4.657449174131812e+36,3.517710856595024e-06,78.17135236877832,2.4787973227035232e-06
2.225,2.2,13971,146806.31088,759,7318.21432,0.0003,34967.85212,1.38479,48423.07893,0.04984945317495196,0.05432681984109942,8.285470910004134e+29,6.257435926292677e-13,10.507931492377066,3.818144533378465e+33,2.88379496478736e-09,0.06408433255083022,2.03210085460522e-09
2.225,2.7,20886,111157.66513,1606,7903.69148,0.0002,26117.69285,1.31678,34391.19245,0.07110343196536699,0.07689361294647132,8.178849143146698e+29,6.176911972771465e-13,5.322113623001053,5.28512532475521e+33,3.991786499059826e-09,0.0887063666457739,2.8128604339730434e-09
2.225,3.25,17405,46900.56509,1545,3914.35843,0.00014,19143.33564,1.25573,24038.84642,0.08346079460851973,0.08876759551852915,9.968592833364298e+29,7.528580041812777e-13,2.6946604475725366,8.892900489953342e+33,6.716692212955696e-09,0.14925982695457102,4.732998064262145e-09
2.225,3.85,24510,34205.98402,2417,3183.77976,0.0001,14123.02246,1.20075,16958.2054,0.09307668968501143,0.09861281109751122,1.267094994995051e+30,9.569481119213435e-13,1.3955929832721339,1.539679365258607e+34,1.1628998227028752e-08,0.25842218282286117,8.19451366130331e-09
2.225,4.6,28266,19452.65849,2944,1903.18741,7e-05,10268.77405,1.14412,11748.74579,0.09783687977550054,0.10415339984433596,1.7399465009059495e+30,1.3140597393746314e-12,0.6881999041250974,2.970385349491146e+34,2.2434934663830405e-08,0.4985541036406757,1.5809046919098038e-08
2.225,5.5,34832,11618.35752,3722,1143.13751,4e-05,7477.67631,1.0887,8140.93154,0.09839062948718762,0.10685576481396417,2.4969057755835512e+30,1.885738067807228e-12,0.3335541318327974,6.09410498654707e+34,4.602798328207756e-08,1.022844072935057,3.243417278459719e-08
2.225,6.5,34631,5465.32157,3474,507.0854,3e-05,5256.46813,1.03836,5458.09659,0.09278235388443941,0.10031474690306373,3.9493297100306894e+30,2.9826521486524348e-12,0.15781587508301811,1.365884326387626e+35,1.0316346876039471e-07,2.292521528008771,7.269538077146028e-08
2.225,7.5,35088,2907.75049,3088,223.56081,2e-05,3917.91337,0.99647,3904.09172,0.07688445441548185,0.08800729594163247,6.663025059611352e+30,5.032116199389284e-12,0.08287022600319197,3.1390117078212412e+35,2.3708547642154388e-07,5.268566142700975,1.6706513643775289e-07
2.225,8.5,34948,1622.951,2613,103.70945,2e-05,3004.929,0.96082,2887.20511,0.06390177522303508,0.0747682270802335,1.0840253410065838e+31,8.186884230848e-12,0.04643902369234291,6.739597982633212e+35,5.09033080259306e-07,11.311846227984576,3.58696290841723e-07
2.225,9.5,35158,987.99125,1987,44.97439,1e-05,2414.81339,0.92994,2245.63625,0.04552104079869128,0.05651629785539564,1.9564934673799701e+31,1.477602497832467e-11,0.028101463393822176,1.5634675645406195e+36,1.1808667405895917e-06,26.24148312421315,8.321119712142678e-07
2.225,10.5,35112,600.06706,928,14.70734,1e-05,1900.84883,0.90281,1716.10479,0.02450949398888851,0.026429710640236956,4.755014515501787e+31,3.591129458123847e-11,0.01709008487126908,4.7747587259150874e+36,3.606313237095987e-06,80.1402941576886,2.54123205725801e-06
2.275,2.2,14080,149948.6022,756,7266.87763,0.0003,35216.0769,1.38479,48766.81775,0.04846245662435392,0.05369318181818182,8.462528678589873e+29,6.391155259111753e-13,10.649758678977273,3.875116856756538e+33,2.92682542051098e-09,0.065040564900244,2.0624227834932776e-09
2.275,2.7,20868,109964.0558,1635,7299.80626,0.00021,25569.28316,1.31678,33669.05887,0.06638356694733699,0.07834962622196665,8.948256700282121e+29,6.757991617160426e-13,5.269506220049837,5.717412012521e+33,4.318287018520393e-09,0.09596193374489762,3.0429329574105027e-09
2.275,3.25,17355,46327.32829,1624,3913.37416,0.00014,18666.73926,1.25573,23440.37041,0.08447226085439342,0.09357533851915874,1.0100698490395249e+30,7.628350192882144e-13,2.669393736099107,8.869583786488741e+33,6.699081409734698e-09,0.14886847577188217,4.720588399666482e-09
2.275,3.85,24378,34995.81419,2481,3073.76719,0.0001,14241.17851,1.20075,17100.08115,0.08783242399539098,0.10177208958897367,1.331609717314412e+30,1.005671563563486e-12,1.4355490274017555,1.586196903871565e+34,1.1980339153108495e-08,0.2662297589579666,8.442090276444907e-09
2.275,4.6,28304,19957.14903,2930,1837.71862,7e-05,10269.49307,1.14412,11749.56844,0.09208322377296994,0.10351893725268513,1.8485345199048155e+30,1.3960686654367611e-12,0.7050999515969475,3.0803409936609335e+34,2.3265415359976837e-08,0.5170092302217075,1.63942551440166e-08
2.275,5.5,35255,11890.87505,3731,1137.4201,5e-05,7348.90199,1.0887,8000.73518,0.09565486940340863,0.10582896043114452,2.6133225552988503e+30,1.9736595085709915e-12,0.33728194724152605,6.199116755541773e+34,4.682112353128227e-08,1.0404694118062727,3.29930686138468e-08
2.275,6.5,34772,5742.36032,3340,460.6561,3e-05,5324.58762,1.03836,5528.82902,0.08022068876374515,0.09605429656045093,4.509313707465458e+30,3.405568844849677e-12,0.16514322788450478,1.5096728340295503e+35,1.1402362794785122e-07,2.5338583988411383,8.03481227435673e-08
2.275,7.5,35136,2977.4624,3046,210.55019,2e-05,3864.73595,0.99647,3851.1019,0.07071464277768881,0.08669171220400729,7.344050146468645e+30,5.546446753620303e-12,0.0847410746812386,3.337541514448408e+35,2.5208017480728155e-07,5.601781662384035,1.776313312526647e-07
2.275,8.5,35283,1696.81919,2558,100.38954,2e-05,2992.56048,0.96082,2875.32115,0.05916336908000198,0.07249950401042995,1.1756843567839312e+31,8.879120585937097e-12,0.04809169259983561,7.029218382711985e+35,5.309077328332314e-07,11.797949618516252,3.7411052823808515e-07
2.275,9.5,35123,1009.22951,2037,47.85754,1e-05,2367.80371,0.92994,2201.91997,0.04741987776397858,0.057996184836147255,1.915437718682123e+31,1.446595966076673e-11,0.028734148848333002,1.4678146850005242e+36,1.108621363293447e-06,24.636030295409935,7.812033959731715e-07
2.275,10.5,34803,615.30438,679,11.90321,1e-05,1880.7404,0.90281,1697.9507,0.01934523853056271,0.019509812372496625,6.088787681418445e+31,4.59843492290495e-11,0.017679636238255324,5.8476663017791e+36,4.416666391071828e-06,98.1481420238184,3.1122571671682648e-06
2.325,2.2,13997,143122.62287,810,7304.42933,0.0003,33671.44788,1.38479,46627.83327,0.051036161743868415,0.05786954347360149,8.404400804594184e+29,6.347255346721685e-13,10.225235612631277,3.832469141021863e+33,2.894614154850349e-09,0.06432475899667443,2.0397247271903357e-09
2.325,2.7,20926,110080.83834,1663,7608.44546,0.00021,25296.58265,1.31678,33309.97295,0.0691168924104689,0.07947051514861894,8.687033818345872e+29,6.560708268518897e-13,5.260481618082768,5.500729448614593e+33,4.1546294929113235e-09,0.09232509984247386,2.927609710885143e-09
2.325,3.25,17641,46698.14387,1713,4163.93552,0.00014,18264.15008,1.25573,22934.8274,0.0891670455166637,0.09710333881299246,9.779803811652061e+29,7.386000915075946e-13,2.6471370030043646,8.473233994747355e+33,6.3997235609874275e-09,0.14221607913305395,4.5096422860557446e-09
2.325,3.85,24538,34566.88645,2533,3168.48524,0.0001,13732.68607,1.20075,16489.50935,0.09166244245292737,0.103227646914989,1.3232162846136052e+30,9.993325916574316e-13,1.4087083890292607,1.5488789210834388e+34,1.1698481277065246e-08,0.2599662506014499,8.243475729371191e-09
2.325,4.6,27786,19783.82828,2939,1858.85487,7e-05,10147.01883,1.14412,11609.44279,0.09395829986449922,0.10577269128338011,1.8335107902636872e+30,1.3847222945877856e-12,0.7120070639890593,2.98958250570686e+34,2.2579928290837307e-08,0.501776184240829,1.5911218424683823e-08
2.325,5.5,35047,12030.82526,3670,1094.88819,5e-05,7287.34145,1.0887,7933.71435,0.09100690653701672,0.1047165235255514,2.7699956276354556e+30,2.0919837079038253e-12,0.34327689274402945,6.401932237482624e+34,4.8352962518750926e-08,1.074510278194465,3.407249740596351e-08
2.325,6.5,34893,5823.38944,3508,511.35344,3e-05,5221.63938,1.03836,5421.93187,0.08781027703343845,0.10053592411085319,4.2007863322619574e+30,3.1725597252941296e-12,0.16689277046972173,1.3647312121338225e+35,1.0307637553880834e-07,2.29058612308463,7.26340094839114e-08
2.325,7.5,35088,3080.3687,3076,224.60399,2e-05,3871.61604,0.99647,3857.95772,0.07291464492545974,0.08766529867761058,7.109806261545119e+30,5.3695387520165535e-12,0.08778980563155495,3.124432473350095e+35,2.359843257817292e-07,5.244096128482871,1.6628919737705705e-07
2.325,8.5,35190,1706.56875,2549,101.2848,2e-05,2908.96863,0.96082,2795.00418,0.05934996758847249,0.072435350951975,1.2056660941744129e+31,9.105551651494697e-12,0.04849584398976982,6.948722809345527e+35,5.248280067481516e-07,11.662844594403369,3.6982637602750407e-07
2.325,9.5,35203,1030.25127,1965,44.18413,1e-05,2318.08086,0.92994,2155.68061,0.042886751306795284,0.05581910632616539,2.1633282962595574e+31,1.63381035893026e-11,0.02926600772661421,1.5934680619489392e+36,1.203525726547537e-06,26.745016145500824,8.480788985762565e-07
2.325,10.5,35006,635.44596,495,7.70849,1e-05,1851.19815,0.90281,1671.27968,0.012130834854941874,0.01414043306861681,9.864842875606807e+31,7.450224964584855e-11,0.018152487002228188,9.082453243112464e+36,6.859858944948991e-06,152.44130988775535,4.833882226273318e-06
2.375,2.2,13973,144331.86054,823,6984.39242,0.0003,33939.6706,1.38479,46999.26501,0.04839120339659415,0.05889930580405067,8.793717445182052e+29,6.641278940549846e-13,10.329339478995205,4.001207022671844e+33,3.0220596847974648e-09,0.0671568818843881,2.129530754832195e-09
2.375,2.7,20884,109493.28414,1708,8133.87004,0.00021,25038.5863,1.31678,32970.24913,0.0742864743156292,0.08178509864010726,8.165786483781476e+29,6.167046660963277e-13,5.242926840643555,5.135070980307917e+33,3.878452402045254e-09,0.0861878311565612,2.73299819750638e-09
2.375,3.25,17353,46495.12665,1571,3718.82114,0.00015,18279.80016,1.25573,22954.47966,0.07998303065166508,0.09053189650204575,1.0893431006413109e+30,8.227045545210413e-13,2.6793710972166194,9.332527350320484e+33,7.048736669426347e-09,0.15663859265391883,4.966977189685402e-09
2.375,3.85,24523,36026.85708,2595,3361.06328,0.0001,14104.76214,1.20075,16936.27934,0.09329326931118466,0.10581902703584391,1.2657900428305292e+30,9.559625729405099e-13,1.469104802838152,1.4592406007898788e+34,1.1021454688745307e-08,0.24492121530545127,7.76640078974668e-09
2.375,4.6,27774,19876.75637,2999,1880.52274,7e-05,10002.4109,1.14412,11443.99345,0.09460913566552913,0.10797868510117375,1.8472229695875797e+30,1.3950781433332675e-12,0.7156605591560452,2.953859520996805e+34,2.231011722807254e-08,0.49578038284605647,1.572109280967962e-08
2.375,5.5,35044,12335.28062,3734,1111.1698,5e-05,7297.07366,1.0887,7944.30978,0.09008062598903405,0.10655176349731765,2.79474655491131e+30,2.1106763499065855e-12,0.3519940822965415,6.307586833263466e+34,4.7640383937035235e-08,1.058675198600783,3.357037032600149e-08
2.375,6.5,35129,5963.22548,3425,492.03689,3e-05,5165.58846,1.03836,5363.73094,0.08251187074012838,0.09749779384554072,4.51904408093957e+30,3.4129175144925377e-12,0.1697522127017564,1.4279010665236908e+35,1.0784751257731803e-07,2.3966113906070676,7.599604866207089e-08
2.375,7.5,34730,3111.95634,2970,205.54003,2e-05,3829.84698,0.99647,3816.33602,0.06604849411222781,0.08551684422689318,7.934516525654448e+30,5.992384657997468e-12,0.08960427123524331,3.379390379577156e+35,2.552409652248607e-07,5.672021449441348,1.7985862028923604e-07
2.375,8.5,34924,1756.05381,2417,92.11708,2e-05,2913.93544,0.96082,2799.7764,0.052456866341698265,0.06920742183025999,1.3617716983023174e+31,1.0284507954854749e-11,0.05028215009735426,7.582524326650388e+35,5.726982119826576e-07,12.726626932947948,4.0355869269875535e-07
2.375,9.5,35133,1050.74619,1909,40.71624,1e-05,2282.02809,0.92994,2122.15363,0.03874983358255146,0.054336378903025645,2.4321106707903592e+31,1.8368028629184796e-11,0.029907670566134404,1.7257487430077038e+36,1.3034356065012867e-06,28.965235700028593,9.184815988086186e-07
2.375,10.5,34578,636.9131,242,3.45796,1e-05,1804.67248,0.90281,1629.27584,0.005429249296332576,0.006998669674359419,2.260974136213493e+32,1.7075554234676328e-10,0.018419604951124994,1.999907459889646e+37,1.5105041237837203e-05,335.66758306304894,1.0643949234622303e-05
2.425,2.2,13900,144878.55349,835,7510.16098,0.0003,34234.0793,1.38479,47406.95879,0.05183763089212771,0.060071942446043164,8.138469775532506e+29,6.146416264279515e-13,10.422917517266187,3.7016516788432406e+33,2.7958094251081873e-09,0.062129098335737494,1.9701007843650906e-09
2.425,2.7,21075,109010.54032,1763,7713.92557,0.00021,24579.72522,1.31678,32366.03116,0.07076311655144359,0.08365361803084223,8.732399495711371e+29,6.594969787562397e-13,5.17250487876631,5.464143984474562e+33,4.126996967125801e-09,0.09171104371390669,2.908138118781922e-09
2.425,3.25,17498,47112.85709,1765,4199.48175,0.00015,18200.47483,1.25573,22854.86853,0.08913663932496606,0.10086867070522346,9.81736667858346e+29,7.414369517848696e-13,2.692470973254086,8.333409235556269e+33,6.294115736824976e-09,0.13986923859611058,4.4352244608102035e-09
2.425,3.85,24381,34622.81984,2621,3404.52613,0.00011,13455.65705,1.20075,16156.86703,0.09833185586076171,0.10750174316065789,1.2588634055004969e+30,9.507313688546914e-13,1.4200738214183175,1.4322698119517735e+34,1.0817747824409164e-08,0.2403943960979814,7.6228562943297e-09
2.425,4.6,27972,20221.46243,3012,1905.5707,7e-05,9929.99845,1.14412,11361.14467,0.09423505874495745,0.10767910767910768,1.8680796951718802e+30,1.410829767518979e-12,0.7229180047905048,2.935813402252668e+34,2.2173817237557916e-08,0.4927514941679537,1.5625047379755e-08
2.425,5.5,35055,12273.27216,3806,1105.85282,5e-05,7102.95187,1.0887,7732.96977,0.09010252568211606,0.10857224361717302,2.870428400025453e+30,2.1678335473343803e-12,0.35011473855370134,6.339903351695571e+34,4.788446640253452e-08,1.064099253389656,3.37423659750652e-08
2.425,6.5,35210,5932.29024,3462,471.60455,3e-05,4997.12541,1.03836,5188.80596,0.07949788882885137,0.09832433967622835,4.848495199433681e+30,3.661728872013957e-12,0.1684831082078955,1.4932001822289458e+35,1.1277946995686901e-07,2.506210443485978,7.947141183047875e-08
2.425,7.5,34964,3159.13992,3095,224.97834,2e-05,3750.7796,0.99647,3737.54757,0.07121506033199061,0.08851962018075735,7.514003970610317e+30,5.674800974707587e-12,0.0903540761926553,3.108210328158702e+35,2.3475908822950918e-07,5.216868627322427,1.6542581897902166e-07
2.425,8.5,34880,1753.80039,2448,94.13176,2e-05,2821.02043,0.96082,2710.50152,0.05367301805651896,0.07018348623853211,1.3747518854009362e+31,1.0382538217664346e-11,0.05028097448394496,7.410888737233851e+35,5.597347988847319e-07,12.438551086327376,3.944238675268701e-07
2.425,9.5,34954,1061.61296,1770,39.10168,1e-05,2237.03112,0.92994,2080.30906,0.03683233105971126,0.05063798134691309,2.6101948571594257e+31,1.9712973772067258e-11,0.030371715969559992,1.7878515705719033e+36,1.3503410653866337e-06,30.007579230814084,9.515340953454492e-07
2.425,10.5,35200,655.03154,76,1.06357,1e-05,1755.15276,0.90281,1584.56896,0.001623692807219634,0.002159090909090909,7.773471032868305e+32,5.870758275710524e-10,0.018608850568181817,6.619216412647969e+37,4.999408166652544e-05,1110.9795925894543,3.5228931779219126e-05
