w_val,q2_val,gen_events,weight,rec_events,weight_rec,flux,cross_section,formfactor,formfactor_krishna,cs_scaled,cs_scaled_krishna,cs_scaled_unc,cs_scaled_krishna_unc,cs_unc,acceptance,acceptance_no_wt,luminosity_had,q_had,elec_cs,lumi_elec,q_elec,no_of_sec_45nA,no_year_45nA
1.4249999999999998,2.2,13828,4.00253,171,0.04036,0.00016,1.86375,1.38479,1.40808,2.5809,2.62431,0.02845,0.02893,0.02055,0.010083622109016047,0.012366213479895864,7.684971411352613e+34,5.803920709427243e-08,0.0002894511136823836,6.85232903865213e+38,0.0005175475104722152,11501.05578827145,0.0003646960866397593
1.4249999999999998,2.7,20783,2.60804,440,0.05357,0.0001,1.30167,1.31678,1.30626,1.71401,1.70032,0.01554,0.01541,0.0118,0.020540329136056197,0.0211711494971852,5.680796680568855e+34,4.2903078925827766e-08,0.00012548910166963384,7.759193578495426e+38,0.0005860418110646092,13023.151356991315,0.00041296142050327607
1.4249999999999998,3.25,17266,0.96232,513,0.03411,6e-05,0.90355,1.25573,1.21703,1.13462,1.09965,0.01115,0.01081,0.00888,0.035445589824590576,0.029711571875361983,4.9729873386384275e+34,3.7557490662626894e-08,5.573497046218e-05,1.0123717384931104e+39,0.0007646312224268204,16991.80494281823,0.000538806600165469
1.4249999999999998,3.85,24330,0.63701,949,0.02586,4e-05,0.64668,1.20075,1.13847,0.7765,0.73623,0.00653,0.00619,0.00544,0.04059590901241739,0.039005343197698314,6.3446294849327375e+34,4.791654319864615e-08,2.6182079736950266e-05,1.8816705336426912e+39,0.001421201309397803,31582.251319951178,0.0010014666197346264
1.4249999999999998,4.6,27598,0.32043,1147,0.01417,3e-05,0.45258,1.14412,1.05938,0.51781,0.47946,0.00409,0.00378,0.00357,0.04422182692007615,0.04156098267990434,8.734194962043403e+34,6.596325777542031e-08,1.1610623958257845e-05,3.8952717007762876e+39,0.002942048112368797,65378.84694152883,0.0020731496366542626
1.4249999999999998,5.5,35043,0.1735,1686,0.00932,2e-05,0.30971,1.0887,0.9838,0.33719,0.3047,0.00238,0.00215,0.00218,0.05371757925072047,0.04811231915075764,1.104177456527547e+35,8.339079046352593e-08,4.951060126130753e-06,7.519957081545062e+39,0.0056797258924056356,126216.13094234746,0.004002287257177431
1.4249999999999998,6.5,34574,0.07523,1872,0.0046,1e-05,0.21471,1.03836,0.91677,0.22295,0.19684,0.00158,0.00139,0.00152,0.06114581948690681,0.05414473303638572,1.4670865957467554e+35,1.1079877620623482e-07,2.175912535431249e-06,1.5032173913043477e+40,0.011353605674504136,252302.34832231412,0.008000454982315898
1.4249999999999998,7.5,35171,0.03684,1890,0.00236,1e-05,0.15434,0.99647,0.8622,0.15379,0.13307,0.00107,0.00093,0.00108,0.06406080347448426,0.05373745415256888,2.030063006895822e+35,1.5331644187718614e-07,1.0474538682437234e-06,2.9805932203389833e+40,0.022512033386246095,500267.4085832466,0.015863375462431717
1.4249999999999998,8.5,35101,0.01919,1803,0.0012,0.0,0.11519,0.96082,0.81663,0.11067,0.09406,0.00078,0.00066,0.00081,0.06253256904637831,0.051366057947067036,2.889973193578507e+35,2.182594361134738e-07,5.467080709951283e-07,5.850166666666668e+40,0.044185548841893255,981901.0853754056,0.031135879165886785
1.4249999999999998,9.5,34946,0.01079,1459,0.00063,0.0,0.08987,0.92994,0.77782,0.08357,0.0699,0.00058,0.00049,0.00063,0.058387395736793336,0.041750128770102445,4.098835497662827e+35,3.0955633997906705e-07,3.087620900818405e-07,1.1093968253968253e+41,0.0837913010118448,1862028.911374329,0.0590445494474356
1.4249999999999998,10.5,35301,0.0064,1063,0.00043,0.0,0.07079,0.90281,0.74424,0.06391,0.05269,0.00045,0.00037,0.00049,0.0671875,0.03011246140335968,4.6577126991808976e+35,3.517644210543688e-07,1.8129798022718905e-07,1.6419069767441859e+41,0.12401110096255179,2755802.243612262,0.08738591589333657
1.475,2.2,14026,6.89336,191,0.09519,0.00017,2.87765,1.38479,1.40808,3.98494,4.05197,0.04247,0.04319,0.03067,0.013808940777791961,0.013617567374875232,3.6345265178149383e+34,2.7449033440185318e-08,0.0004914701269071724,2.9469482088454668e+38,0.00022257916985237661,4946.203774497259,0.0001568430927986193
1.475,2.7,20936,4.59261,574,0.13655,0.00011,2.05808,1.31678,1.30626,2.71003,2.68839,0.02404,0.02385,0.01826,0.029732548594372268,0.027416889568207873,2.482125634129233e+34,1.8745756620566668e-08,0.00021936425296140618,3.066422555840351e+38,0.00023160291207253403,5146.731379389646,0.00016320178143675943
1.475,3.25,17754,1.74542,668,0.07543,7e-05,1.43506,1.25573,1.21703,1.80204,1.7465,0.01709,0.01657,0.01361,0.04321595948253142,0.03762532387067703,2.568156048566614e+34,1.939548409158382e-08,9.83113664526304e-05,4.707410844491581e+38,0.00035554462571688673,7900.991682597483,0.00025053880272062035
1.475,3.85,24585,1.16819,1172,0.05844,5e-05,1.05263,1.20075,1.13847,1.26395,1.19839,0.01035,0.00981,0.00862,0.05002610876655338,0.047671344315639616,3.1630304907431556e+34,2.3888154148048903e-08,4.751637177140533e-05,8.413757700205338e+38,0.0006354801888372612,14121.781974161358,0.00044779876884073306
1.475,4.6,27971,0.58805,1493,0.03377,3e-05,0.73219,1.14412,1.05938,0.83771,0.77566,0.00642,0.00595,0.00561,0.05742708953320297,0.05337671159415108,4.157377770574939e+34,3.139776278660931e-08,2.1023560115834256e-05,1.6565590761030497e+39,0.0012511775499267745,27803.945553928323,0.0008816573298429833
1.475,5.5,34848,0.32051,2059,0.02074,2e-05,0.51213,1.0887,0.9838,0.55755,0.50383,0.00385,0.00348,0.00354,0.06470936944245109,0.05908516988062443,5.5434356138800185e+34,4.186568698648152e-08,9.197371441689623e-06,3.36046287367406e+39,0.002538113952926027,56402.53228724504,0.0017885125661861062
1.475,6.5,35043,0.14297,2247,0.01023,1e-05,0.35718,1.03836,0.91677,0.37088,0.32745,0.00255,0.00225,0.00245,0.07155347275652234,0.0641212224980738,7.536433386721456e+34,5.69174034190881e-08,4.07984476214936e-06,6.851026392961877e+39,0.005174491233354892,114988.69407455315,0.003646267569588824
1.475,7.5,34982,0.07013,2200,0.00498,1e-05,0.26133,0.99647,0.8622,0.26041,0.22532,0.00179,0.00155,0.0018,0.07101097960929702,0.06288948602138243,1.0815505792610943e+35,8.168194088521216e-08,2.0047452975816134e-06,1.4048995983935743e+40,0.010611024157051164,235800.5368233592,0.007477185972328742
1.475,8.5,35019,0.03728,1896,0.00214,1e-05,0.19799,0.96082,0.81663,0.19024,0.16169,0.00131,0.00111,0.00136,0.05740343347639485,0.05414203717981667,1.8314298515205586e+35,1.3831507072883908e-07,1.064564950455467e-06,3.2728037383177566e+40,0.024719061467656768,549312.4770590393,0.01741858438162859
1.475,9.5,34968,0.02092,1635,0.00105,0.0,0.15343,0.92994,0.77782,0.14268,0.11934,0.00098,0.00082,0.00106,0.050191204588910125,0.04675703500343171,2.7927964008704127e+35,2.1092035351336096e-07,5.982612674445207e-07,6.660571428571429e+40,0.050306430729391456,1117920.6828753657,0.035449032308325905
1.475,10.5,34809,0.01237,1258,0.00058,0.0,0.12206,0.90281,0.74424,0.1102,0.09084,0.00076,0.00063,0.00084,0.04688763136620857,0.03614007871527478,3.870705300707178e+35,2.923272638552358e-07,3.5536786463270997e-07,1.2003103448275861e+41,0.09065788102927387,2014619.5784283082,0.06388316775838115
1.525,2.2,14082,9.19718,272,0.18826,0.00019,3.51867,1.38479,1.40808,4.87261,4.95457,0.05189,0.05277,0.03747,0.020469317769142282,0.019315438147990343,2.0052336104928885e+34,1.514412514532806e-08,0.0006531160346541685,1.4960161478805905e+38,0.00011299215618433461,2510.9368040963245,7.96212837422731e-05
1.525,2.7,21374,6.32539,685,0.22167,0.00012,2.54073,1.31678,1.30626,3.34557,3.31885,0.02946,0.02923,0.02238,0.03504447947083105,0.03204828296060634,1.7058477260818678e+34,1.288307322771594e-08,0.00029593852343969305,1.9284522037262595e+38,0.0001456534897074214,3236.744215720476,0.00010263648578514954
1.525,3.25,17650,2.3684,772,0.11282,8e-05,1.78412,1.25573,1.21703,2.24037,2.17133,0.02134,0.02068,0.017,0.047635534538084785,0.04373937677053824,1.8740415007471513e+34,1.415332301749982e-08,0.0001341869688385269,3.1288778585357206e+38,0.0002363200799498278,5251.5573322183955,0.00016652579059545902
1.525,3.85,24276,1.57282,1274,0.09441,5e-05,1.30212,1.20075,1.13847,1.56352,1.48242,0.01283,0.01217,0.01069,0.06002594066708205,0.052479815455594,2.1310202670674236e+34,1.6094103670926845e-08,6.478909210743121e-05,5.1426755640292346e+38,0.00038841960453393006,8631.546767420668,0.000273704552493045
1.525,4.6,28346,0.82728,1754,0.05561,3e-05,0.91848,1.14412,1.05938,1.05086,0.97302,0.00799,0.0074,0.00699,0.06722028817329079,0.06187821914908629,2.831292668510213e+34,2.138277070093054e-08,2.918507020390884e-05,1.0194569322064376e+39,0.0007699825771951945,17110.72393767099,0.0005425774967551684
1.525,5.5,34797,0.44914,2379,0.03243,2e-05,0.64701,1.0887,0.9838,0.70439,0.63653,0.00484,0.00438,0.00445,0.07220465779044397,0.06836796275540995,3.932344879253508e+34,2.9698246954561647e-08,1.2907434548955369e-05,2.1459759481961143e+39,0.0016208277554351316,36018.39456522515,0.0011421357992524464
1.525,6.5,35018,0.2002,2454,0.01511,1e-05,0.44906,1.03836,0.91677,0.46629,0.41169,0.00318,0.00281,0.00307,0.07547452547452548,0.07007824547375635,5.682945651836207e+34,4.2919308600832314e-08,5.717059797818265e-06,4.6350761085373924e+39,0.0035008127707986344,77795.83935108077,0.0024668898830251386
1.525,7.5,35130,0.09889,2366,0.00697,1e-05,0.32828,0.99647,0.8622,0.32713,0.28305,0.00223,0.00193,0.00223,0.07048235413085245,0.06734984343865642,8.67419579376501e+34,6.551012607631606e-08,2.814972957586109e-06,1.0080344332855094e+40,0.007613553121491762,169190.0693664836,0.005364981905329896
1.525,8.5,34905,0.05251,2157,0.00328,1e-05,0.24973,0.96082,0.81663,0.23995,0.20394,0.00163,0.00138,0.0017,0.06246429251571129,0.06179630425440481,1.3343735229392303e+35,1.0077588723957632e-07,1.5043690015757055e-06,2.1283536585365854e+40,0.01607517868985336,357226.1931078525,0.01132756827460212
1.525,9.5,35148,0.03007,1815,0.00154,0.0,0.1954,0.92994,0.77782,0.18171,0.15198,0.00122,0.00102,0.00132,0.05121383438643166,0.05163878456811198,2.149135878704972e+35,1.6230918198814074e-07,8.555252076931831e-07,4.564675324675325e+40,0.03447639973319731,766142.2162932736,0.024294210308640082
1.525,10.5,34984,0.01793,1389,0.00078,0.0,0.15645,0.90281,0.74424,0.14124,0.11644,0.00095,0.00079,0.00106,0.04350250976017847,0.039703864623828036,3.255052320472881e+35,2.458313058283272e-07,5.125200091470387e-07,8.970256410256409e+40,0.06775118134634749,1505581.807696611,0.04774168593659979
1.5750000000000002,2.2,13908,9.76561,317,0.2405,0.0002,3.51622,1.38479,1.40808,4.86923,4.95113,0.05287,0.05376,0.03818,0.0246272378274373,0.022792637331032498,1.6678385282866898e+34,1.2596016375550862e-08,0.0007021577509347138,1.1565904365904368e+38,8.735577315637739e-05,1941.239403475053,6.155629767488118e-05
1.5750000000000002,2.7,20749,6.5929,786,0.28606,0.00013,2.52151,1.31678,1.30626,3.32026,3.29374,0.03002,0.02978,0.0228,0.04338910039588041,0.037881343679213454,1.3882806052536538e+34,1.0484711164214588e-08,0.0003177454335148682,1.4506746836328044e+38,0.00010956757429250788,2434.834984277953,7.720811086624661e-05
1.5750000000000002,3.25,17289,2.49865,869,0.14202,8e-05,1.76774,1.25573,1.21703,2.2198,2.15139,0.02166,0.02099,0.01725,0.05683869289416285,0.05026317311585401,1.585156210637148e+34,1.1971574734817218e-08,0.00014452252877552202,2.4347275031685672e+38,0.0001838918053752694,4086.4845638948755,0.00012958157546597146
1.5750000000000002,3.85,24675,1.71609,1446,0.11601,5e-05,1.28065,1.20075,1.13847,1.53774,1.45798,0.01267,0.01201,0.01055,0.06760134957956751,0.058601823708206685,1.9239408594241764e+34,1.4530177927831554e-08,6.954772036474164e-05,4.253943625549521e+38,0.0003212948357665801,7139.885239257335,0.00022640427572480134
1.5750000000000002,4.6,27922,0.89394,1832,0.06672,3e-05,0.91941,1.14412,1.05938,1.05192,0.974,0.00816,0.00755,0.00713,0.07463588160279214,0.06561134589212807,2.5474144982439783e+34,1.9238837687817976e-08,3.201561492729747e-05,8.36990407673861e+38,0.0006321679816267832,14048.177369484072,0.0004454647821373691
1.5750000000000002,5.5,34694,0.48597,2565,0.0411,2e-05,0.63825,1.0887,0.9838,0.69486,0.62791,0.00484,0.00437,0.00445,0.08457312179764183,0.07393209200438117,3.4033006911437915e+34,2.5702746704507144e-08,1.4007321150631233e-05,1.688272506082725e+39,0.0012751302916032665,28336.22870229481,0.000898535917754148
1.5750000000000002,6.5,34978,0.22004,2653,0.01899,1e-05,0.44761,1.03836,0.91677,0.46478,0.41036,0.00321,0.00283,0.00309,0.08630249045628068,0.07584767568185717,4.98607992261923e+34,3.7656369780373306e-08,6.290811367145063e-06,3.683833596629805e+39,0.002782351659085955,61830.036868576775,0.0019606176074510647
1.5750000000000002,7.5,35410,0.10999,2585,0.0086,1e-05,0.32719,0.99647,0.8622,0.32604,0.28211,0.00224,0.00194,0.00224,0.07818892626602418,0.07300197684269981,7.845377796418188e+34,5.925064418411138e-08,3.1061846935893815e-06,8.234883720930233e+39,0.006219700695566641,138215.57101259203,0.0043827870057265355
1.5750000000000002,8.5,34602,0.05758,2334,0.00426,1e-05,0.24889,0.96082,0.81663,0.23914,0.20325,0.00165,0.0014,0.00172,0.07398402222994095,0.06745274839604647,1.1304199987356886e+35,8.537270589348905e-08,1.664065660944454e-06,1.6245070422535209e+40,0.012269690651461636,272659.792254703,0.0086459852947331
1.5750000000000002,9.5,34923,0.03295,2028,0.00218,0.0,0.19369,0.92994,0.77782,0.18012,0.15065,0.00123,0.00103,0.00133,0.0661608497723824,0.058070612490335884,1.678289906626978e+35,1.2674948316796147e-07,9.435042808464336e-07,3.20394495412844e+40,0.02419898001607583,537755.1114683518,0.017052102722867574
1.5750000000000002,10.5,34730,0.01957,1412,0.00099,0.0,0.15438,0.90281,0.74424,0.13937,0.11489,0.00096,0.00079,0.00106,0.05058763413387839,0.04065649294558019,2.8367190597225754e+35,2.142375243352145e-07,5.634897782896631e-07,7.016161616161615e+40,0.05299215722176446,1177603.493816988,0.0373415618282911
1.625,2.2,13948,11.68158,371,0.34215,0.00021,3.93305,1.38479,1.40808,5.44644,5.53806,0.05873,0.05972,0.04241,0.029289702249182047,0.02659879552624032,1.2537250842842482e+34,9.468507546894102e-09,0.0008375093203326642,8.153149203565686e+37,6.157967676409127e-05,1368.4372614242507,4.339286090259547e-05
1.625,2.7,20861,7.85187,882,0.3408,0.00014,2.78518,1.31678,1.30626,3.66746,3.63817,0.03257,0.03231,0.02474,0.04340367326509481,0.04227985235607114,1.2564294987750282e+34,9.488932095574564e-09,0.00037638991419395044,1.224237089201878e+38,9.246503694878231e-05,2054.778598861829,6.515660194259985e-05
1.625,3.25,17558,3.0722,1039,0.20161,9e-05,1.98612,1.25573,1.21703,2.49402,2.41716,0.02389,0.02315,0.01902,0.0656239828136189,0.059175304704408245,1.2219895134740395e+34,9.228831005770255e-09,0.00017497437065725025,1.741778681613015e+38,0.00013155428108859628,2923.428468635473,9.27013086198463e-05
1.625,3.85,24178,2.0703,1524,0.14192,6e-05,1.45717,1.20075,1.13847,1.74969,1.65894,0.01439,0.01364,0.01198,0.0685504516253683,0.0630325088923815,1.6674720597792092e+34,1.2593248695560827e-08,8.562742989494583e-05,3.4072717023675305e+38,0.00025734680531476814,5718.817895883737,0.0001813425258715036
1.625,4.6,28070,1.08479,2001,0.08299,4e-05,1.02142,1.14412,1.05938,1.16864,1.08207,0.00893,0.00827,0.0078,0.07650328635035353,0.07128607053794087,2.237016343039786e+34,1.689461780107081e-08,3.864588528678304e-05,6.764670442221954e+38,0.0005109267705605704,11353.928234679342,0.0003600307025202734
1.625,5.5,35020,0.60146,2870,0.05292,2e-05,0.7174,1.0887,0.9838,0.78104,0.70578,0.00539,0.00487,0.00495,0.08798590097429589,0.0819531696173615,2.9103393664930657e+34,2.197975505243611e-08,1.71747572815534e-05,1.3235071806500376e+39,0.0009996277799471582,22213.950665492404,0.000704399754740373
1.625,6.5,34991,0.26738,2917,0.02459,2e-05,0.49666,1.03836,0.91677,0.51571,0.45533,0.00356,0.00315,0.00343,0.09196648964021244,0.08336429367551657,4.216914864363882e+34,3.1847404760696934e-08,7.641393501186019e-06,2.845953639690931e+39,0.0021495118124553857,47766.92916567524,0.0015146793875467795
1.625,7.5,34907,0.13224,2770,0.01136,1e-05,0.36346,0.99647,0.8622,0.36218,0.31338,0.00249,0.00216,0.0025,0.08590441621294616,0.07935371128999914,6.428209768856665e+34,4.854776654978222e-08,3.7883519064943994e-06,6.145598591549295e+39,0.004641690779115781,103148.68398035069,0.003270823312415991
1.625,8.5,35017,0.07054,2412,0.0052,1e-05,0.27373,0.96082,0.81663,0.263,0.22353,0.00181,0.00154,0.00189,0.07371703997731782,0.06888082931147728,1.0315881836794385e+35,7.790863104595109e-08,2.0144501242253763e-06,1.3468076923076924e+40,0.010172263537067162,226050.30082371473,0.007168008016987403
1.625,9.5,34874,0.03953,2043,0.00266,1e-05,0.21094,0.92994,0.77782,0.19616,0.16407,0.00135,0.00113,0.00145,0.06729066531748039,0.05858232494121695,1.5151817144819636e+35,1.1443106370228558e-07,1.1335092045650055e-06,2.6221052631578947e+40,0.01980442041660041,440098.2314800091,0.013955423372653764
1.625,10.5,35522,0.02417,1549,0.00129,0.0,0.16861,0.90281,0.74424,0.15222,0.12549,0.00104,0.00086,0.00115,0.05337194869673148,0.043606778897584596,2.4617572077949192e+35,1.8591928160976655e-07,6.804233995833568e-07,5.507286821705426e+40,0.04159582191620412,924351.5981378693,0.029310996896812193
1.6749999999999998,2.2,14078,15.54485,405,0.44194,0.00023,4.9008,1.38479,1.40808,6.78657,6.90073,0.07213,0.07334,0.05208,0.0284299944997861,0.028768290950419093,1.0365801475160926e+34,7.828563911457537e-09,0.0011041944878533883,6.371000588315156e+37,4.8119339790899964e-05,1069.3186620199992,3.3907872337011646e-05
1.6749999999999998,2.7,21050,10.55388,1019,0.50181,0.00014,3.48636,1.31678,1.30626,4.59076,4.5541,0.04052,0.0402,0.03077,0.04754744226767786,0.04840855106888361,9.162589861214005e+33,6.919862443330568e-09,0.000501371971496437,8.3896295410613575e+37,6.336578203218547e-05,1408.1284896041216,4.465146149175931e-05
1.6749999999999998,3.25,17584,4.16295,1130,0.26062,9e-05,2.51303,1.25573,1.21703,3.15569,3.05843,0.03021,0.02928,0.02406,0.06260464334186094,0.06426296633303002,1.0123463383064524e+34,7.645542922033474e-09,0.00023674647406733397,1.3493975903614455e+38,0.00010191824700615146,2264.8499334700327,7.18179202647778e-05
1.6749999999999998,3.85,24439,2.87163,1723,0.19426,6e-05,1.86209,1.20075,1.13847,2.2359,2.11992,0.01831,0.01736,0.01525,0.06764799086233253,0.07050206636932771,1.3222778321207908e+34,9.986238442117594e-09,0.0001175019436147142,2.516112426644703e+38,0.0001900387029187842,4223.082287084093,0.00013391306085375738
1.6749999999999998,4.6,27679,1.49243,2147,0.1119,4e-05,1.32155,1.14412,1.05938,1.51202,1.40002,0.0116,0.01074,0.01014,0.07497839094630904,0.07756783120777484,1.764153390834074e+34,1.3323415080689328e-08,5.391921673470862e-05,4.94709562109026e+38,0.00037364770552041234,8303.282344898053,0.0002632953559391823
1.6749999999999998,5.5,34811,0.85567,2930,0.06925,3e-05,0.94833,1.0887,0.9838,1.03244,0.93297,0.00714,0.00645,0.00656,0.08093073264225695,0.08416879721926977,2.3936006910550966e+34,1.8077189721736245e-08,2.458044870874149e-05,1.0053718411552347e+39,0.0007593442909027452,16874.31757561656,0.0005350811001907838
1.6749999999999998,6.5,34894,0.38948,2979,0.0319,2e-05,0.66766,1.03836,0.91677,0.69327,0.6121,0.00479,0.00423,0.00461,0.08190407723118003,0.08537284346879119,3.522265319057433e+34,2.6601203225265712e-08,1.1161804321659884e-05,2.1877115987460816e+39,0.0016523501501103334,36718.89222467408,0.0011643484343186858
1.6749999999999998,7.5,35096,0.19796,2867,0.01532,1e-05,0.49653,0.99647,0.8622,0.49478,0.42811,0.00339,0.00293,0.0034,0.07738937159022025,0.08169022110781855,5.223198600702034e+34,3.944716109585404e-08,5.640528835194894e-06,4.5817232375979114e+39,0.0034605160404818057,76900.35645515124,0.002438494306670194
1.6749999999999998,8.5,34809,0.10627,2537,0.00719,1e-05,0.37967,0.96082,0.81663,0.3648,0.31005,0.00251,0.00213,0.00261,0.06765785263950315,0.07288344968255336,8.103207427469926e+34,6.119785082297353e-08,3.052946077163952e-06,9.682614742698191e+39,0.007313153128926125,162514.5139761361,0.005153301432525879
1.6749999999999998,9.5,34955,0.06083,2071,0.0033,1e-05,0.29569,0.92994,0.77782,0.27497,0.22999,0.00189,0.00158,0.00203,0.054249547920433995,0.0592476040623659,1.3407523244960055e+35,1.0125763344883357e-07,1.7402374481476183e-06,2.1184848484848485e+40,0.016000640849583445,355569.7966574099,0.011275044287715941
1.6749999999999998,10.5,35071,0.03702,1642,0.00163,0.0,0.23832,0.90281,0.74424,0.21516,0.17737,0.00147,0.00121,0.00163,0.04403025391680173,0.04681930940092954,2.1111411453539497e+35,1.5943970586465898e-07,1.0555729805252203e-06,4.303190184049079e+40,0.032501436435416,722254.1430092446,0.022902528634235305
1.725,2.2,14269,19.20764,502,0.58612,0.00024,5.68571,1.38479,1.40808,7.87351,8.00595,0.08435,0.08577,0.06091,0.03051494092975503,0.035181161959492606,8.324325976992207e+33,6.286780437272265e-09,0.0013461097484056346,4.868968811847404e+37,3.677468891123416e-05,817.2153091385369,2.5913727458730875e-05
1.725,2.7,21009,13.2347,1077,0.63936,0.00015,4.14485,1.31678,1.30626,5.45785,5.41426,0.04872,0.04833,0.037,0.04830936855387731,0.05126374410966728,7.585374705669326e+33,5.7287022926284466e-09,0.0006299538293112475,6.5718843843843845e+37,4.963658900592435e-05,1103.0353112427633,3.497702027025505e-05
1.725,3.25,17417,5.14709,1168,0.31716,0.0001,2.95366,1.25573,1.21703,3.709,3.59469,0.03585,0.03475,0.02855,0.061619283906051765,0.06706091749440202,8.750976455541447e+33,6.6089996643315805e-09,0.00029552104265947066,1.0983100012611931e+38,8.29539275877034e-05,1843.4206130600755,5.8454484178718785e-05
1.725,3.85,24690,3.67796,1904,0.26251,7e-05,2.21336,1.20075,1.13847,2.65769,2.51984,0.02177,0.02064,0.01813,0.07137380504410054,0.07711624139327664,1.054354905794637e+34,7.962804212632254e-09,0.00014896557310652085,1.8810711972877223e+38,0.00014207486384348354,3157.2191965218567,0.00010011476396885644
1.725,4.6,28090,1.9462,2307,0.14158,4e-05,1.58541,1.14412,1.05938,1.81391,1.67955,0.01386,0.01283,0.01211,0.0727468913780701,0.08212887148451406,1.515653130434391e+34,1.1446666644772983e-08,6.928444286222855e-05,3.9680745868060455e+38,0.00029970351864093994,6660.078192020887,0.00021118969406458928
1.725,5.5,35084,1.1063,2991,0.08675,3e-05,1.13117,1.0887,0.9838,1.23151,1.11285,0.00846,0.00765,0.00777,0.07841453493627405,0.0852525367688975,2.0710733574492103e+34,1.5641366644884903e-08,3.1532892486603585e-05,8.088530259365995e+38,0.0006109161827315705,13575.915171812678,0.0004304894460874137
1.725,6.5,34864,0.50641,3157,0.0416,2e-05,0.80492,1.03836,0.91677,0.83579,0.73793,0.00573,0.00506,0.00551,0.08214687703639342,0.09055185865075722,2.9130086044801466e+34,2.199991393761911e-08,1.4525298301973382e-05,1.676153846153846e+39,0.0012659772251917265,28132.827226482812,0.0008920860992669587
1.725,7.5,35017,0.25863,2908,0.01862,1e-05,0.60048,0.99647,0.8622,0.59836,0.51773,0.00407,0.00352,0.00408,0.07199474152263852,0.08304537795927693,4.6426577076519e+34,3.506274229780152e-08,7.385841162863753e-06,3.761224489795918e+39,0.0028408039953141374,63128.977673647496,0.002001806750179081
1.725,8.5,35199,0.14221,2626,0.00874,1e-05,0.46281,0.96082,0.81663,0.44468,0.37795,0.003,0.00255,0.00313,0.06145840658181562,0.07460439217023211,7.31814655395112e+34,5.52688358428451e-08,4.040171595783972e-06,8.054691075514874e+39,0.006083603531355644,135191.189585681,0.004286884499799626
1.725,9.5,34942,0.08246,2201,0.00423,1e-05,0.36849,0.92994,0.77782,0.34267,0.28662,0.00232,0.00194,0.00249,0.05129759883579917,0.06299009787648102,1.1377762765643546e+35,8.592827404005397e-08,2.3599107091752048e-06,1.6521040189125295e+40,0.0124781270310614,277291.71180136444,0.008792862500043266
1.725,10.5,35279,0.05059,1629,0.00177,0.0,0.29687,0.90281,0.74424,0.26802,0.22095,0.0018,0.00149,0.002,0.034987151610990315,0.0461747781966609,2.132820006264816e+35,1.6107695840682848e-07,1.4339975622891806e-06,3.9863276836158187e+40,0.030108215133049985,669071.4474011108,0.02121611641936551
1.775,2.2,13891,16.956,525,0.60738,0.00025,4.93692,1.38479,1.40808,6.83659,6.9516,0.07573,0.07701,0.05469,0.035820948336871904,0.03779425527319848,8.166827469914926e+33,6.167832844887037e-09,0.0012206464617378159,4.574072244723237e+37,3.4547373449571275e-05,767.7194099904727,2.434422279269637e-05
1.775,2.7,20893,12.09323,1165,0.65008,0.00016,3.62583,1.31678,1.30626,4.77442,4.73628,0.04373,0.04338,0.03321,0.05375569636896015,0.05576030249365816,7.792644832333325e+33,5.8852389036578236e-09,0.0005788173072320873,6.427824267782426e+37,4.8548521659988105e-05,1078.8560368886247,3.421030051016694e-05
1.775,3.25,17505,4.75279,1190,0.32562,0.00011,2.5709,1.25573,1.21703,3.22836,3.12886,0.0318,0.03082,0.02533,0.06851133755120677,0.06798057697800629,9.04243908156969e+33,6.8291209739216745e-09,0.0002715104255926878,1.0751796572692095e+38,8.1206922754472e-05,1804.5982834327112,5.722343618190992e-05
1.775,3.85,24366,3.34654,1911,0.25522,7e-05,1.92506,1.20075,1.13847,2.31151,2.19161,0.01933,0.01833,0.0161,0.0762638426553993,0.07842895838463433,1.1345288264752987e+34,8.568301687752424e-09,0.00013734466059262907,1.9094114881278897e+38,0.00014421536919394937,3204.785982087764,0.0001016230968444877
1.775,4.6,28000,1.82299,2375,0.14848,5e-05,1.39938,1.14412,1.05938,1.60106,1.48247,0.01246,0.01154,0.01089,0.08144860915309464,0.08482142857142858,1.533693989693035e+34,1.1582916620293293e-08,6.510678571428572e-05,3.771551724137931e+38,0.0002848604021252213,6330.231158338252,0.0002007303132400511
1.775,5.5,34960,1.03022,3318,0.09314,3e-05,0.98886,1.0887,0.9838,1.07657,0.97284,0.00753,0.00681,0.00692,0.09040787404632021,0.09490846681922196,2.0548563429689628e+34,1.5518890891692187e-08,2.9468535469107548e-05,7.506978741679192e+38,0.0005669923520905734,12599.830046457186,0.00039953798980394426
1.775,6.5,34931,0.47102,3315,0.04324,2e-05,0.69638,1.03836,0.91677,0.72309,0.63842,0.00502,0.00443,0.00483,0.0918007727909643,0.09490137700037216,3.0129456876976566e+34,2.2754668738748253e-08,1.3484297615298732e-05,1.6156799259944493e+39,0.0012203020589081942,27117.823531293205,0.000859900543229744
1.775,7.5,35224,0.24081,3025,0.02027,1e-05,0.51638,0.99647,0.8622,0.51456,0.44522,0.00353,0.00306,0.00355,0.08417424525559569,0.08587894617306382,4.61758333394694e+34,3.487337311341243e-08,6.836531910061321e-06,3.4754810064134196e+39,0.0026249856543908,58333.01454201778,0.0018497277569132985
1.775,8.5,34907,0.13148,2746,0.00953,1e-05,0.39977,0.96082,0.81663,0.38411,0.32647,0.00263,0.00223,0.00273,0.07248250684514755,0.07866617010914716,7.1835840352985625e+34,5.425257937692441e-08,3.766579769100754e-06,7.32570828961175e+39,0.005533012303332137,122955.82896293637,0.0038989037596060495
1.775,9.5,35179,0.0767,2201,0.00433,1e-05,0.31467,0.92994,0.77782,0.29263,0.24476,0.00199,0.00166,0.00214,0.05645371577574967,0.06256573523977373,1.2106500267266383e+35,9.143191803690341e-08,2.1802780067654e-06,1.6248960739030026e+40,0.012272628956971317,272725.0879326959,0.008648055807099693
1.775,10.5,34946,0.04655,1675,0.00211,1e-05,0.25434,0.90281,0.74424,0.22962,0.18929,0.00156,0.00129,0.00173,0.045327604726100965,0.04793109368740342,1.9215757664321562e+35,1.4512316036795981e-07,1.3320551708350027e-06,3.312417061611374e+40,0.025018255752351764,555961.2389411504,0.017629415237859918
1.825,2.2,13993,16.7155,510,0.58416,0.00026,4.65201,1.38479,1.40808,6.44205,6.55042,0.07292,0.07414,0.05266,0.03494720469025755,0.03644679482598442,8.883691338202017e+33,6.709229920853422e-09,0.0011945615664975344,4.790810736784442e+37,3.6184371123749555e-05,804.0971360833234,2.5497752919943033e-05
1.825,2.7,21027,11.77799,1181,0.66035,0.00017,3.35922,1.31678,1.30626,4.42335,4.38801,0.04098,0.04065,0.03112,0.056066442576364894,0.05616588196128787,8.064467392003576e+33,6.0905274465701805e-09,0.0005601364911780092,6.3684409782691e+37,4.810000738873942e-05,1068.8890530830981,3.389424952698815e-05
1.825,3.25,17547,4.73243,1244,0.33375,0.00011,2.43285,1.25573,1.21703,3.055,2.96084,0.03057,0.02963,0.02434,0.07052402254233026,0.07089530973955661,9.282857966004033e+33,7.010692520205447e-09,0.00026970023365817516,1.0515056179775282e+38,7.941885332156557e-05,1764.8634071459014,5.596345152035456e-05
1.825,3.85,24595,3.38511,2057,0.27877,8e-05,1.82988,1.20075,1.13847,2.19723,2.08326,0.01867,0.0177,0.01555,0.082351829039529,0.08363488513925595,1.1053026882510155e+34,8.347577133532326e-09,0.00013763407196584672,1.7645370735731964e+38,0.00013327319286806619,2961.6265081792485,9.391256050796704e-05
1.825,4.6,28054,1.81244,2556,0.15863,5e-05,1.31147,1.14412,1.05938,1.50049,1.38935,0.0119,0.01102,0.0104,0.08752289730970404,0.09111000213873244,1.5229133872205707e+34,1.1501498279741488e-08,6.460540386397661e-05,3.537035869633739e+38,0.0002671477242925784,5936.616095390631,0.00018824886147230565
1.825,5.5,35084,1.03487,3408,0.09757,3e-05,0.93094,1.0887,0.9838,1.01351,0.91586,0.00721,0.00651,0.00662,0.09428237363147063,0.0971382966594459,2.0930107062846094e+34,1.580704407737036e-08,2.9496921673697412e-05,7.191554781182738e+38,0.0005431687901195421,12070.417558212046,0.00038275042992808365
1.825,6.5,34823,0.47568,3258,0.04414,2e-05,0.66099,1.03836,0.91677,0.68634,0.60598,0.00485,0.00429,0.00467,0.09279347460477631,0.09355885477988686,3.1403152507342487e+34,2.3716601848306384e-08,1.3659937397696925e-05,1.5778432260987765e+39,0.0011917244910111602,26482.766466914672,0.0008397630158204804
1.825,7.5,35426,0.25008,3146,0.02192,1e-05,0.49802,0.99647,0.8622,0.49626,0.42939,0.00345,0.00299,0.00347,0.08765195137555981,0.08880483260881838,4.597895911049689e+34,3.4724687795858986e-08,7.059222040309378e-06,3.232299270072992e+39,0.0024413136480913836,54251.41440203075,0.0017203010655134053
1.825,8.5,34685,0.13358,2724,0.0103,1e-05,0.38074,0.96082,0.81663,0.36582,0.31092,0.00254,0.00216,0.00265,0.07710735139991017,0.07853538993801355,7.090335158731043e+34,5.354833591670601e-08,3.851232521262794e-06,6.73495145631068e+39,0.00508682134162438,113040.47425831955,0.0035844899244774084
1.825,9.5,34956,0.07834,2282,0.00501,1e-05,0.30054,0.92994,0.77782,0.27949,0.23377,0.00193,0.00161,0.00207,0.06395200408475873,0.06528206888660029,1.1189471213214203e+35,8.45062398097893e-08,2.241103101041309e-06,1.3954491017964072e+40,0.010539645783960779,234214.35075468398,0.007426888342043505
1.825,10.5,34957,0.04795,1657,0.00211,1e-05,0.24278,0.90281,0.74424,0.21918,0.18069,0.0015,0.00124,0.00166,0.04400417101147028,0.04740109277111881,2.073648917183349e+35,1.5660818043828628e-07,1.3716852132620076e-06,3.313459715639811e+40,0.025026130782778024,556136.2396172894,0.017634964472897304
1.875,2.2,13755,16.34916,538,0.65612,0.00027,4.47918,1.38479,1.40808,6.20272,6.30706,0.07481,0.07607,0.05402,0.04013172542197887,0.0391130498000727,8.034520932722203e+33,6.067910983099616e-09,0.0011885976008724102,4.1928305797719915e+37,3.1667904681057336e-05,703.7312151346075,2.231517044440029e-05
1.875,2.7,20864,11.66443,1227,0.76742,0.00017,3.22604,1.31678,1.30626,4.24798,4.21405,0.04204,0.0417,0.03193,0.06579147030759326,0.05880943251533742,7.156125365059659e+33,5.404520327059632e-09,0.0005590696894171779,5.437439733131791e+37,4.106827592999842e-05,912.6283539999649,2.893925526382436e-05
1.875,3.25,17508,4.76306,1276,0.37753,0.00012,2.34965,1.25573,1.21703,2.95052,2.85959,0.03182,0.03084,0.02534,0.07926207102157015,0.07288096870002285,8.551967014375236e+33,6.458701770542433e-09,0.00027205049120402106,9.275024501364129e+37,7.005305514625474e-05,1556.734558805661,4.936372903366505e-05
1.875,3.85,24464,3.4073,2047,0.30937,8e-05,1.76532,1.20075,1.13847,2.1197,2.00976,0.01929,0.01829,0.01606,0.09079623162034454,0.08367396991497711,1.0391728025899578e+34,7.848144419529928e-09,0.0001392781229561805,1.5815366712997383e+38,0.00011945141021901345,2654.4757826447435,8.417287489360551e-05
1.875,4.6,27818,1.84686,2533,0.17464,5e-05,1.27924,1.14412,1.05938,1.4636,1.35519,0.01235,0.01143,0.01079,0.09456049727645842,0.09105615069379538,1.4450998216359687e+34,1.0913826913646768e-08,6.63908260838306e-05,3.18575355016033e+38,0.00024061582705138442,5347.0183789196535,0.00016955284052890833
1.875,5.5,34912,1.05927,3389,0.10932,3e-05,0.90511,1.0887,0.9838,0.98539,0.89044,0.00746,0.00674,0.00685,0.10320314933869552,0.09707263978001833,1.9666582335428846e+34,1.4852792338515854e-08,3.0341143446379466e-05,6.3871203805342115e+38,0.0004824109048741851,10720.242330537447,0.0003399366543168901
1.875,6.5,35129,0.50093,3364,0.04925,2e-05,0.64971,1.03836,0.91677,0.67463,0.59564,0.00505,0.00446,0.00487,0.09831713013794344,0.09576133678726978,3.015332111732462e+34,2.2772691728211326e-08,1.425972842950269e-05,1.4265583756345177e+39,0.0010774610087873999,23943.577973053332,0.0007592458768725689
1.875,7.5,35101,0.26215,3244,0.02467,2e-05,0.49453,0.99647,0.8622,0.49278,0.42638,0.00362,0.00314,0.00364,0.09410642761777609,0.09241901940115667,4.312783278831696e+34,3.257143175614905e-08,7.468448192359192e-06,2.8456424807458446e+39,0.0021492767981464082,47761.70662547574,0.0015145137818834264
1.875,8.5,34980,0.1449,2699,0.0111,1e-05,0.38328,0.96082,0.81663,0.36827,0.313,0.0027,0.0023,0.00282,0.07660455486542443,0.07715837621497999,7.089393137672932e+34,5.3541221491374755e-08,4.142367066895369e-06,6.302702702702702e+39,0.004760349473340409,105785.5438520091,0.003354437590436615
1.875,9.5,35008,0.08533,2170,0.00493,1e-05,0.30516,0.92994,0.77782,0.28378,0.23736,0.00208,0.00174,0.00224,0.057775694363061056,0.06198583180987203,1.2198404700838879e+35,9.212600786072711e-08,2.437442870201097e-06,1.420202839756592e+40,0.01072660755103166,238369.05668959246,0.007558633202993165
1.875,10.5,34730,0.05217,1605,0.00215,1e-05,0.24765,0.90281,0.74424,0.22358,0.18431,0.00164,0.00135,0.00182,0.041211424190147596,0.04621364814281601,2.1705981106601456e+35,1.6393007406239297e-07,1.502159516268356e-06,3.2306976744186045e+40,0.024401039836998522,542245.3297110783,0.017194486609306135
1.925,2.2,14010,16.39602,591,0.70667,0.00027,4.28699,1.38479,1.40808,5.93658,6.03644,0.0691,0.07027,0.0499,0.043100093803252255,0.042184154175588864,7.816556216495063e+33,5.903297497541774e-09,0.0011703083511777302,3.965075636435677e+37,2.994770118153834e-05,665.504470700852,2.1103008330189373e-05
1.925,2.7,20867,11.91045,1359,0.81037,0.00018,3.18356,1.31678,1.30626,4.19205,4.15856,0.04002,0.0397,0.03039,0.06803857117069464,0.06512675516365553,7.012104133111882e+33,5.295751176732786e-09,0.0005707792207792209,5.1499932129767875e+37,3.889722970526274e-05,864.382882339172,2.7409401393302007e-05
1.925,3.25,17601,4.80383,1336,0.40371,0.00012,2.26732,1.25573,1.21703,2.84714,2.75939,0.02921,0.02831,0.02326,0.08403919372667228,0.07590477813760582,8.358710726439535e+33,6.31274883048073e-09,0.0002729293790125561,8.719625473731143e+37,6.585819844207811e-05,1463.5155209350692,4.640777273386191e-05
1.925,3.85,24416,3.46542,2154,0.31826,8e-05,1.72288,1.20075,1.13847,2.06875,1.96144,0.01822,0.01728,0.01518,0.09183879587467031,0.08822083879423329,1.0526786227908817e+34,7.950144421047364e-09,0.00014193233944954128,1.5343429900081694e+38,0.0001158869327800732,2575.2651728905157,8.16611229353918e-05
1.925,4.6,27824,1.90766,2680,0.19368,5e-05,1.25967,1.14412,1.05938,1.44122,1.33447,0.01186,0.01098,0.01036,0.10152752586938972,0.09631972397929844,1.3668344378091578e+34,1.032274328078814e-08,6.856167337550315e-05,2.8731928954977287e+38,0.0002170085268502816,4822.411707784036,0.0001529176721139027
1.925,5.5,34928,1.11849,3456,0.11324,4e-05,0.90703,1.0887,0.9838,0.98748,0.89233,0.00731,0.0066,0.00671,0.10124364098025015,0.09894640403114979,2.000478702647146e+34,1.5108214656348808e-08,3.202273247824095e-05,6.168844931119746e+38,0.00046592484374016204,10353.885416448045,0.00032831955277930127
1.925,6.5,35255,0.53962,3474,0.05378,2e-05,0.65962,1.03836,0.91677,0.68492,0.60472,0.00496,0.00438,0.00478,0.09966272562173381,0.09853921429584456,2.9299309632641324e+34,2.2127716662367887e-08,1.5306197702453552e-05,1.3110821866865005e+39,0.0009902433434188069,22005.40763152904,0.0006977868985137317
1.925,7.5,34738,0.27323,3133,0.02464,2e-05,0.49099,0.99647,0.8622,0.48926,0.42333,0.00355,0.00307,0.00356,0.09018043406653735,0.09018941792849329,4.532919049229396e+34,3.4233963063434746e-08,7.86544993954747e-06,2.819642857142857e+39,0.0021296396201985323,47325.32489330072,0.0015006762079306417
1.925,8.5,34992,0.15425,2827,0.01194,1e-05,0.38342,0.96082,0.81663,0.3684,0.31312,0.00264,0.00225,0.00275,0.07740680713128038,0.08078989483310471,7.013442165587256e+34,5.29676169895571e-08,4.408150434385002e-06,5.861306532663317e+39,0.004426968680259302,98377.08178354004,0.003119516799325851
1.925,9.5,34817,0.09095,2186,0.00514,1e-05,0.30667,0.92994,0.77782,0.28518,0.23853,0.00205,0.00172,0.00221,0.0565145684442001,0.06278542091507022,1.2409392334092772e+35,9.371944969483249e-08,2.612229657925726e-06,1.3547470817120621e+40,0.010232228713837326,227382.86030749613,0.007210263201024103
1.925,10.5,35057,0.05701,1571,0.00221,1e-05,0.25082,0.90281,0.74424,0.22644,0.18667,0.00162,0.00134,0.00179,0.03876512892475005,0.04481273354822147,2.278429614069752e+35,1.7207383234421506e-07,1.6262087457569102e-06,3.1725791855203617e+40,0.023962078440486114,532490.6320108025,0.016885167174365882
1.975,2.2,13851,16.55456,565,0.65787,0.00028,4.27319,1.38479,1.40808,5.91746,6.017,0.07079,0.07198,0.05112,0.039739503798349216,0.04079127860804274,8.504959006664618e+33,6.4231999144057225e-09,0.0011951887950328495,4.210862328423549e+37,3.180409613612952e-05,706.7576919139894,2.2411139393518185e-05
1.975,2.7,20587,12.08752,1331,0.8246,0.00018,3.17859,1.31678,1.30626,4.1855,4.15207,0.04193,0.0416,0.03185,0.06821912187115306,0.06465245057560597,7.004490080774747e+33,5.2900008162334766e-09,0.0005871433428862874,4.993208828522919e+37,3.771305761724259e-05,838.0679470498353,2.6574960269210912e-05
1.975,3.25,17453,4.97597,1421,0.407,0.00012,2.28769,1.25573,1.21703,2.87272,2.78419,0.03069,0.02975,0.02444,0.08179309762719629,0.0814186672778319,8.51177317383561e+33,6.428346177656981e-09,0.00028510685841975594,8.576412776412776e+37,6.477653154390314e-05,1439.4784787534031,4.564556312637631e-05
1.975,3.85,24198,3.53993,2189,0.32567,9e-05,1.70783,1.20075,1.13847,2.05068,1.94431,0.01862,0.01765,0.0155,0.09199899433039636,0.0904620216546822,1.0601053344244201e+34,8.006233172905521e-09,0.00014629018927184064,1.4860441551263549e+38,0.00011223898452615971,2494.1996561368824,7.90905522620777e-05
1.975,4.6,27726,1.95599,2619,0.18867,6e-05,1.24111,1.14412,1.05938,1.41998,1.3148,0.0121,0.01121,0.01058,0.0964575483514742,0.09446007357714781,1.4601973260883644e+34,1.1027847791619698e-08,7.054713986871528e-05,2.9391000159007785e+38,0.00022198640603480197,4933.031245217821,0.0001564253946352683
1.975,5.5,34466,1.13817,3555,0.11852,4e-05,0.89182,1.0887,0.9838,0.97092,0.87737,0.00739,0.00668,0.00679,0.10413207165889103,0.10314512853246678,1.9781628424861594e+34,1.493967859290204e-08,3.302297916787558e-05,5.816064799190011e+38,0.0004392798186699403,9761.773748220896,0.00030954381494865854
1.975,6.5,34802,0.5474,3341,0.0536,2e-05,0.64377,1.03836,0.91677,0.66847,0.5902,0.00502,0.00443,0.00484,0.0979174278407015,0.09600022987184645,3.055540732467928e+34,2.307635928153408e-08,1.572898109304063e-05,1.2985820895522389e+39,0.0009808021824412678,21795.604054250398,0.0006911340707207762
1.975,7.5,34771,0.28327,3102,0.0244,2e-05,0.4814,0.99647,0.8622,0.4797,0.41507,0.00358,0.0031,0.00359,0.08613690118967769,0.08921227459664663,4.84028610777911e+34,3.655529119990265e-08,8.146731471628657e-06,2.850081967213114e+39,0.0021526298846020497,47836.21965782333,0.001516876574639248
1.975,8.5,34868,0.1604,2766,0.0127,1e-05,0.37768,0.96082,0.81663,0.36288,0.30843,0.00268,0.00228,0.00279,0.07917705735660849,0.0793277503728347,6.960935438625726e+34,5.257107045257703e-08,4.600206493059538e-06,5.491023622047244e+39,0.004147298808192782,92162.19573761737,0.002922444055606842
1.975,9.5,35084,0.09482,2144,0.00522,1e-05,0.29871,0.92994,0.77782,0.27779,0.23235,0.00205,0.00171,0.0022,0.055051676861421636,0.06111047771063733,1.3078045255663923e+35,9.876931693727001e-08,2.7026564815870484e-06,1.344214559386973e+40,0.010152677940989221,225615.06535531604,0.007154206790820523
1.975,10.5,35180,0.05946,1595,0.0023,1e-05,0.24483,0.90281,0.74424,0.22104,0.18221,0.00161,0.00133,0.00179,0.038681466532122434,0.04533826037521319,2.339139876315914e+35,1.7665885328267606e-07,1.6901648664013644e-06,3.0591304347826085e+40,0.023105214764219097,513449.2169826466,0.016281367864746533
2.025,2.2,14073,16.04836,631,0.73695,0.00029,3.99425,1.38479,1.40808,5.53119,5.62424,0.06579,0.0669,0.04751,0.045920580046808525,0.04483763234562638,7.874156703214326e+33,5.9467991112561934e-09,0.0011403652383997725,3.8192550376552e+37,2.8846337142410873e-05,641.0297142757972,2.0326918895097577e-05
2.025,2.7,20752,11.52347,1327,0.7775,0.00019,2.92892,1.31678,1.30626,3.85674,3.82593,0.03887,0.03856,0.02952,0.0674709961495973,0.06394564379336931,7.685860742358969e+33,5.804592358854292e-09,0.0005552944294525829,5.338135048231511e+37,4.031824054555522e-05,895.9609010123382,2.841073379668754e-05
2.025,3.25,17404,4.77669,1481,0.44073,0.00013,2.13532,1.25573,1.21703,2.68138,2.59874,0.02906,0.02816,0.02314,0.09226682074825873,0.0850953803723282,8.083995696078924e+33,6.1052758070228256e-09,0.0002744593196966215,7.897805912917204e+37,5.965110206130818e-05,1325.5800458068484,4.2033867510364294e-05
2.025,3.85,24367,3.46332,2246,0.34067,9e-05,1.60196,1.20075,1.13847,1.92355,1.82377,0.01778,0.01685,0.0148,0.09836515251261795,0.09217384167111257,1.0570249690689867e+34,7.982969330632026e-09,0.00014213157138753233,1.4305339478087299e+38,0.00010804637068041765,2401.0304595648367,7.613617641948367e-05
2.025,4.6,28039,1.92306,2800,0.19916,6e-05,1.15981,1.14412,1.05938,1.32697,1.22868,0.01137,0.01053,0.00994,0.10356411136418,0.09986090802097079,1.455323720848995e+34,1.0991040864353107e-08,6.858518492100289e-05,2.8157260494075113e+38,0.00021266813061990265,4725.958458220059,0.00014985915963407087
2.025,5.5,34996,1.14744,3531,0.1203,4e-05,0.84749,1.0887,0.9838,0.92267,0.83377,0.00715,0.00646,0.00657,0.10484208324618281,0.10089724539947423,2.06751159427885e+34,1.561446714205007e-08,3.278774717110527e-05,5.81812136325852e+38,0.0004394351482823655,9765.225517385901,0.00030965326983085683
2.025,6.5,34699,0.5399,3553,0.05593,3e-05,0.60713,1.03836,0.91677,0.63042,0.5566,0.00482,0.00426,0.00464,0.10359325801074272,0.10239488169687887,3.0624465755797837e+34,2.3128514278225083e-08,1.5559526211130006e-05,1.2408010012515644e+39,0.0009371608770782207,20825.797268404905,0.0006603816992771723
2.025,7.5,34707,0.28125,3253,0.02639,2e-05,0.45501,0.99647,0.8622,0.4534,0.39231,0.00344,0.00297,0.00345,0.09383111111111112,0.09372749013167372,4.70112307113965e+34,3.5504290243483496e-08,8.103552597458726e-06,2.630314513073133e+39,0.001986642381475176,44147.60847722613,0.0013999114813935227
2.025,8.5,35083,0.15877,2794,0.01177,1e-05,0.35201,0.96082,0.81663,0.33822,0.28746,0.00257,0.00218,0.00267,0.07413239276941487,0.0796397115412023,7.976689597953643e+34,6.024235026020424e-08,4.525553686970897e-06,5.96142735768904e+39,0.0045025886387379446,100057.52530528767,0.003172803313840933
2.025,9.5,34821,0.09362,2103,0.00501,1e-05,0.28077,0.92994,0.77782,0.2611,0.21839,0.00198,0.00166,0.00213,0.053514206366161075,0.06039458947187042,1.4313770008814237e+35,1.0810188058918689e-07,2.6886074495275836e-06,1.3900598802395212e+40,0.01049894169365197,233309.81541448823,0.007398205714563934
2.025,10.5,35155,0.05851,1510,0.00221,1e-05,0.22725,0.90281,0.74424,0.20517,0.16913,0.00154,0.00127,0.0017,0.03777132114168519,0.04295263831602902,2.5807976918820433e+35,1.9490957570289577e-07,1.6643436211065282e-06,3.181447963800904e+40,0.02402906317070169,533979.1815711487,0.016932368771281986
2.075,2.2,14083,15.72894,675,0.7636,0.00029,3.84538,1.38479,1.40808,5.32504,5.41462,0.06543,0.06653,0.04725,0.04854745456464326,0.047930128523752044,7.736431014554504e+33,5.842784543882262e-09,0.0011168742455442732,3.6885804085908856e+37,2.7859368644946263e-05,619.0970809988058,1.9631439656227988e-05
2.075,2.7,20753,11.38593,1468,0.80582,0.00019,2.82927,1.31678,1.30626,3.72552,3.69576,0.03848,0.03817,0.02922,0.07077331408150234,0.07073676095022406,7.585314006101968e+33,5.728656450496161e-09,0.0005486401965980822,5.150778089399618e+37,3.890315777492158e-05,864.5146172204796,2.7413578678985274e-05
2.075,3.25,17666,4.86091,1494,0.43119,0.00013,2.083,1.25573,1.21703,2.61568,2.53507,0.02877,0.02788,0.02291,0.08870561273506403,0.08456922902751048,8.61974233364329e+33,6.509887722712249e-09,0.0002751562323106532,8.194067580416984e+37,6.188872794876876e-05,1375.3050655281945,4.361063754211677e-05
2.075,3.85,24595,3.45342,2242,0.3212,9e-05,1.53333,1.20075,1.13847,1.84114,1.74564,0.01728,0.01638,0.01439,0.09300924880263622,0.09115673917462899,1.1679306222249465e+34,8.820562058945294e-09,0.00014041146574507012,1.531444582814446e+38,0.00011566801985003368,2570.4004411118594,8.15068633026338e-05
2.075,4.6,28232,1.96857,2870,0.20263,6e-05,1.13746,1.14412,1.05938,1.3014,1.205,0.01146,0.01061,0.01002,0.10293258558242786,0.10165769339756305,1.4930223576565672e+34,1.1275752266872345e-08,6.972832247095495e-05,2.7865567783645064e+38,0.00021046501347163942,4677.000299369765,0.00014830670660101995
2.075,5.5,34976,1.14711,3686,0.12246,4e-05,0.81427,1.0887,0.9838,0.88649,0.80108,0.00708,0.0064,0.00651,0.10675523707403822,0.10538655077767613,2.113328283460501e+34,1.5960488508877733e-08,3.279706084172004e-05,5.71223256573575e+38,0.00043143750496493576,9587.500110331906,0.00030401763414294477
2.075,6.5,35239,0.54508,3459,0.05278,3e-05,0.57745,1.03836,0.91677,0.5996,0.5294,0.00471,0.00416,0.00454,0.09682982314522638,0.09815829053037828,3.4447620884555853e+34,2.6015875601960464e-08,1.5468089332841453e-05,1.335316407730201e+39,0.0010085471357478859,22412.15857217524,0.0007106848862308233
2.075,7.5,35340,0.28634,3190,0.02422,2e-05,0.43378,0.99647,0.8622,0.43225,0.37401,0.00334,0.00289,0.00335,0.08458475937696444,0.09026598754951896,5.470195847874148e+34,4.1312558325459915e-08,8.10243350311262e-06,2.918249380677127e+39,0.002204115846432875,48980.35214295278,0.0015531567777445708
2.075,8.5,35216,0.15919,2676,0.01125,1e-05,0.33426,0.96082,0.81663,0.32117,0.27297,0.0025,0.00212,0.0026,0.0706702682329292,0.07598818718764198,8.81167121600537e+34,6.654838166305693e-08,4.520388459791004e-06,6.260622222222222e+39,0.004728566633098354,105079.25851329677,0.0033320414292648645
2.075,9.5,35002,0.09412,2145,0.00502,1e-05,0.26626,0.92994,0.77782,0.2476,0.2071,0.00194,0.00162,0.00209,0.05333616659583511,0.06128221244500314,1.5144591263379437e+35,1.1437649168023137e-07,2.6889892006171073e-06,1.3945019920318722e+40,0.010532492386947674,234055.386376615,0.0074218476146821095
2.075,10.5,34909,0.05803,1462,0.00203,1e-05,0.21467,0.90281,0.74424,0.19381,0.15977,0.0015,0.00124,0.00166,0.03498190591073583,0.041880317396659886,2.9499207364482454e+35,2.227868541989461e-07,1.662322037296972e-06,3.439310344827586e+40,0.0259766642358579,577259.2052412867,0.018304769318914466
2.125,2.2,14157,15.56506,748,0.75028,0.00029,3.73249,1.38479,1.40808,5.16871,5.25566,0.06706,0.06819,0.04843,0.048202833782844394,0.05283605283605284,8.027406561343429e+33,6.0625379966342635e-09,0.0010994603376421558,3.77379111798262e+37,2.8502954063312835e-05,633.3989791847297,2.0084949872676614e-05
2.125,2.7,21193,11.56524,1577,0.77841,0.0002,2.76016,1.31678,1.30626,3.63451,3.60548,0.03929,0.03898,0.02984,0.06730599624391713,0.0744113622422498,8.175802100803234e+33,6.174610755081363e-09,0.0005457103760675695,5.445202399763619e+37,4.1126906342625516e-05,913.9312520583449,2.8980569890231635e-05
2.125,3.25,17765,4.77154,1587,0.41208,0.00014,1.9849,1.25573,1.21703,2.4925,2.41568,0.0286,0.02772,0.02278,0.08636205501787683,0.08933295806360822,9.291201112559187e+33,7.016993514507353e-09,0.00026859217562623134,8.622112211221123e+37,6.512169343822599e-05,1447.1487430716886,4.588878561236963e-05
2.125,3.85,24396,3.48666,2324,0.32036,9e-05,1.51711,1.20075,1.13847,1.82167,1.72718,0.01836,0.0174,0.01529,0.09188162883676641,0.09526151828168553,1.1949001175244544e+34,9.024243769537453e-09,0.00014291933103787507,1.5230365838431764e+38,0.00011503297461051181,2556.28832467804,8.105937102606672e-05
2.125,4.6,27622,1.91849,2813,0.17795,6e-05,1.09656,1.14412,1.05938,1.2546,1.16167,0.01171,0.01084,0.01023,0.0927552397979661,0.10183911374990949,1.7186453205953147e+34,1.297972449660384e-08,6.945514445007602e-05,3.1044675470637823e+38,0.0002344764008356331,5210.586685236291,0.0001652266199022162
2.125,5.5,34872,1.14691,3682,0.11804,4e-05,0.78689,1.0887,0.9838,0.85668,0.77414,0.00715,0.00646,0.00657,0.1029200198795023,0.10558614361091993,2.2683575234772264e+34,1.7131315787910475e-08,3.288913741683873e-05,5.908505591324974e+38,0.00044626175161064757,9916.927813569946,0.0003144637180863123
2.125,6.5,35253,0.55433,3442,0.0516,3e-05,0.56345,1.03836,0.91677,0.58506,0.51656,0.00481,0.00424,0.00463,0.09308534627388018,0.0976370805321533,3.672385552717444e+34,2.7734956217184835e-08,1.5724335517544605e-05,1.3663953488372093e+39,0.001032020656221457,22933.792360476822,0.0007272257851495695
2.125,7.5,34782,0.29046,3104,0.02351,2e-05,0.42768,0.99647,0.8622,0.42617,0.36874,0.00358,0.0031,0.00359,0.0809405770157681,0.08924156172733023,5.798034898137703e+34,4.3788497078299995e-08,8.350871140244953e-06,2.958911101658869e+39,0.002234827116056547,49662.824801256604,0.0015747978437739918
2.125,8.5,34972,0.16098,2705,0.01116,1e-05,0.32464,0.96082,0.81663,0.31192,0.26511,0.00259,0.0022,0.0027,0.0693253820350354,0.07734759235960197,9.248994090020327e+34,6.985117506245998e-08,4.603111060276793e-06,6.267383512544803e+39,0.004733673347843506,105192.74106318901,0.0033356399373157346
2.125,9.5,34866,0.09571,2089,0.00474,1e-05,0.25851,0.92994,0.77782,0.2404,0.20108,0.002,0.00167,0.00215,0.0495246055793543,0.059915103539264616,1.6798654843895895e+35,1.268684755222105e-07,2.74508116789996e-06,1.471139240506329e+40,0.01111132356877892,246918.30152842042,0.007829727978450673
2.125,10.5,34948,0.06014,1291,0.00189,1e-05,0.21086,0.90281,0.74424,0.19037,0.15693,0.00159,0.00131,0.00176,0.03142667110076488,0.03694059745908206,3.342974819573023e+35,2.524714764423399e-07,1.7208423944145588e-06,3.698201058201058e+40,0.02793203216163941,620711.8258142091,0.019682642878431286
2.175,2.2,13993,15.26355,703,0.68202,0.0003,3.6616,1.38479,1.40808,5.07054,5.15583,0.06691,0.06804,0.04832,0.04468292107668268,0.05023940541699421,8.827428851758858e+33,6.6667388050440735e-09,0.0010907989709140285,4.1033987273100496e+37,3.09924375174475e-05,688.7208337210556,2.1839194372179592e-05
2.175,2.7,20771,11.19304,1612,0.82353,0.0002,2.68113,1.31678,1.30626,3.53045,3.50225,0.03824,0.03793,0.02904,0.0735751860084481,0.07760820374560685,7.699607054730431e+33,5.8149739859001815e-09,0.0005388782437051659,5.044382111155634e+37,3.8099562773078805e-05,846.6569505128623,2.684731578237133e-05
2.175,3.25,17578,4.64605,1643,0.42759,0.00014,1.91247,1.25573,1.21703,2.40154,2.32753,0.02756,0.02671,0.02194,0.09203301729426072,0.09346910911366481,9.048915036022057e+33,6.83401180879243e-09,0.0002643105017635681,8.221894805771883e+37,6.209890336685712e-05,1379.9756303746028,4.375874018184306e-05
2.175,3.85,24680,3.51402,2436,0.3265,0.0001,1.47366,1.20075,1.13847,1.7695,1.67772,0.01744,0.01654,0.01453,0.09291352923432422,0.0987034035656402,1.2164673922215244e+34,9.187126291228187e-09,0.00014238330632090763,1.511791730474732e+38,0.00011418366544371085,2537.414787638019,8.046089509252977e-05
2.175,4.6,27803,1.93658,2889,0.18795,7e-05,1.06757,1.14412,1.05938,1.22143,1.13096,0.01129,0.01045,0.00987,0.09705253591382747,0.10390965003776571,1.6871532207274995e+34,1.2741886720999164e-08,6.965363449987412e-05,2.958552806597499e+38,0.0002234556500451283,4965.681112113963,0.00015746071512284256
2.175,5.5,35172,1.16427,3570,0.11119,4e-05,0.76555,1.0887,0.9838,0.83345,0.75315,0.0069,0.00624,0.00634,0.09550190247966538,0.10150119413169567,2.51268716614767e+34,1.8976566468904687e-08,3.3102183555100646e-05,6.3264682075726224e+38,0.0004778299250432494,10618.442778738876,0.00033670861170531695
2.175,6.5,35033,0.55412,3542,0.05235,3e-05,0.54567,1.03836,0.91677,0.5666,0.50025,0.00465,0.0041,0.00447,0.09447412112899733,0.10110467273713356,3.7362898921868778e+34,2.8217580939406972e-08,1.5817086746781604e-05,1.3384145176695321e+39,0.0010108870979377129,22464.157731949173,0.0007123337687705852
2.175,7.5,34635,0.28485,3131,0.02239,2e-05,0.40412,0.99647,0.8622,0.4027,0.34844,0.00331,0.00286,0.00332,0.07860277338950325,0.09039988450988884,6.318449172862099e+34,4.771882163629709e-08,8.224339540926807e-06,3.093791871371148e+39,0.0023367008091927095,51926.68464872688,0.001646584368617671
2.175,8.5,34831,0.16263,2631,0.01037,1e-05,0.31498,0.96082,0.81663,0.30264,0.25722,0.00252,0.00214,0.00262,0.06376437311689111,0.07553616031695903,1.0363956297408264e+35,7.827170377923316e-08,4.669116591542017e-06,6.71764705882353e+39,0.005073751555002665,112750.03455561478,0.0035752801419208138
2.175,9.5,35027,0.09626,2023,0.0047,1e-05,0.2469,0.92994,0.77782,0.2296,0.19205,0.00188,0.00157,0.00202,0.04882609599002701,0.05775544579895509,1.7840462599154867e+35,1.3473651989392694e-07,2.7481657007451394e-06,1.4905106382978724e+40,0.01125763321977245,250169.62710605445,0.007932826836188941
2.175,10.5,34873,0.06023,1063,0.0015,1e-05,0.20134,0.90281,0.74424,0.18177,0.14985,0.00152,0.00125,0.00168,0.02490453262493774,0.03048203481203223,4.4180374465900126e+35,3.336634277312901e-07,1.727124136151177e-06,4.649733333333333e+40,0.03511883182275931,780418.4849502068,0.02474690781805577
2.225,2.2,13971,14.68063,759,0.73182,0.0003,3.49679,1.38479,1.40808,4.84231,4.92376,0.06662,0.06774,0.04811,0.049849359325859995,0.05432681984109942,8.285482903473488e+33,6.257444984120148e-09,0.0010507930713621074,3.818152004591292e+37,2.88380060769735e-05,640.8445794883,2.0321048309497083e-05
2.225,2.7,20886,11.11577,1606,0.79037,0.0002,2.61177,1.31678,1.30626,3.43912,3.41165,0.03909,0.03878,0.02969,0.07110348630819098,0.07689361294647132,8.17884109670783e+33,6.1769058958597e-09,0.0005322115292540457,5.285119627516226e+37,3.991782196009234e-05,887.0627102242743,2.812857401776618e-05
2.225,3.25,17405,4.69006,1545,0.39144,0.00014,1.91433,1.25573,1.21703,2.40388,2.3298,0.03095,0.02999,0.02465,0.08346161882790412,0.08876759551852915,9.968513638831746e+33,7.528520231728529e-09,0.0002694662453318012,8.89280604945841e+37,6.716620883276744e-05,1492.5824185059432,4.732947800944772e-05
2.225,3.85,24510,3.4206,2417,0.31838,0.0001,1.4123,1.20075,1.13847,1.69582,1.60786,0.01779,0.01687,0.01482,0.09307723791147753,0.09861281109751122,1.2670879352633474e+34,9.569427802003983e-09,0.0001395593635250918,1.5396695772347508e+38,0.00011628924299356122,2584.2053998569163,8.194461567278401e-05
2.225,4.6,28266,1.94527,2944,0.19032,7e-05,1.02688,1.14412,1.05938,1.17487,1.08785,0.01134,0.0105,0.00992,0.09783731821289589,0.10415339984433596,1.7399454850295243e+34,1.3140589721543117e-08,6.882013726738838e-05,2.9703656998738965e+38,0.0002243478625282399,4985.508056183109,0.0001580894233949489
2.225,5.5,34832,1.16184,3722,0.11431,4e-05,0.74777,1.0887,0.9838,0.81409,0.73565,0.00732,0.00662,0.00673,0.09838704124492184,0.10685576481396417,2.497006513460532e+34,1.885814148070789e-08,3.335553514010106e-05,6.094304960195958e+38,0.00046029493657069164,10228.776368237592,0.000324352370885261
2.225,6.5,34631,0.54653,3474,0.05071,3e-05,0.52565,1.03836,0.91677,0.54581,0.4819,0.00481,0.00424,0.00463,0.09278539146981868,0.10031474690306373,3.9491979505430823e+34,2.982552639938888e-08,1.5781525223066038e-05,1.365845000985999e+39,0.001031604985638972,22924.5552364216,0.00072693287786725
2.225,7.5,35088,0.29078,3088,0.02236,2e-05,0.39179,0.99647,0.8622,0.39041,0.3378,0.00348,0.00301,0.00349,0.07689662287640141,0.08800729594163247,6.661956544101909e+34,5.031309224455788e-08,8.287163702690377e-06,3.1384615384615384e+39,0.0023704392284452703,52676.42729878378,0.001670358552092332
2.225,8.5,34948,0.1623,2613,0.01037,2e-05,0.30049,0.96082,0.81663,0.28872,0.24539,0.00252,0.00214,0.00262,0.06389402341343192,0.0747682270802335,1.084158776956676e+35,8.187891979130548e-08,4.64404257754378e-06,6.740212150433942e+39,0.0050907946755543365,113128.77056787415,0.003587289782086319
2.225,9.5,35158,0.0988,1987,0.0045,1e-05,0.24148,0.92994,0.77782,0.22456,0.18783,0.00201,0.00168,0.00216,0.04554655870445344,0.05651629785539564,1.955428888097217e+35,1.4767984956553258e-07,2.8101712270322543e-06,1.5625777777777776e+40,0.011801946962067805,262265.48804595124,0.008316384070457612
2.225,10.5,35112,0.06001,928,0.00147,1e-05,0.19008,0.90281,0.74424,0.17161,0.14147,0.00149,0.00123,0.00166,0.024495917347108813,0.026429710640236956,4.757663219124839e+35,3.5931298384750684e-07,1.7091023012075644e-06,4.777142857142856e+40,0.03608113940440223,801803.0978756052,0.02542500944557348
2.275,2.2,14080,14.99486,756,0.72669,0.0003,3.52161,1.38479,1.40808,4.87668,4.95872,0.07211,0.07332,0.05207,0.048462606519834125,0.05369318181818182,8.462505584034611e+33,6.391137817411532e-09,0.0010649758522727271,3.8751049278234192e+37,2.9268164107427634e-05,650.4036468317252,2.0624164346515893e-05
2.275,2.7,20868,10.99641,1635,0.72998,0.00021,2.55693,1.31678,1.30626,3.36691,3.34001,0.04212,0.04179,0.03199,0.06638348333683448,0.07834962622196665,8.948257039521249e+33,6.757991873363982e-09,0.0005269508338125359,5.717416915531932e+37,4.318290721700854e-05,959.6201603779676,3.0429355669012166e-05
2.275,3.25,17355,4.63273,1624,0.39134,0.00014,1.86667,1.25573,1.21703,2.34404,2.2718,0.03157,0.0306,0.02514,0.08447287020827893,0.09357533851915874,1.010061287742058e+34,7.628285535398067e-09,0.0002669392106021319,8.869525221035417e+37,6.699037176008622e-05,1488.6749280019162,4.720557229838648e-05
2.275,3.85,24378,3.49958,2481,0.30738,0.0001,1.42412,1.20075,1.13847,1.71001,1.62131,0.01941,0.0184,0.01616,0.0878333971505152,0.10177208958897367,1.3315934958080203e+34,1.0056593125957405e-08,0.00014355484453195503,1.5861799726722624e+38,0.00011980211273959685,2662.2691719910413,8.44200016486251e-05
2.275,4.6,28304,1.99571,2930,0.18377,7e-05,1.02695,1.14412,1.05938,1.17496,1.08793,0.0121,0.0112,0.01057,0.09208251699896276,0.10351893725268513,1.8485437429318822e+34,1.396075630943193e-08,7.050982193329565e-05,3.080372204385917e+38,0.00023265651090528073,5170.144686784016,0.00016394421254388686
2.275,5.5,35255,1.18909,3731,0.11374,5e-05,0.73489,1.0887,0.9838,0.80007,0.72299,0.00755,0.00682,0.00694,0.09565297832796509,0.10582896043114452,2.613385712432244e+34,1.9737072067307934e-08,3.372826549425614e-05,6.199226305609283e+38,0.0004682195094871059,10404.877988602353,0.0003299365166350315
2.275,6.5,34772,0.57424,3340,0.04607,3e-05,0.53246,1.03836,0.91677,0.55288,0.48814,0.00531,0.00469,0.00511,0.08022777932571748,0.09605429656045093,4.508938839335195e+34,3.405285733203832e-08,1.6514436903255492e-05,1.5095289776427176e+39,0.0011401276266183667,25336.16948040815,0.0008034046638891473
2.275,7.5,35136,0.29775,3046,0.02106,2e-05,0.38647,0.99647,0.8622,0.38511,0.33322,0.00363,0.00314,0.00365,0.07073047858942065,0.08669171220400729,7.342409513217854e+34,5.545207698223588e-08,8.474214480874317e-06,3.336752136752137e+39,0.002520205541353577,56004.56758563505,0.0017758931882811723
2.275,8.5,35283,0.16968,2558,0.01004,2e-05,0.29926,0.96082,0.81663,0.28753,0.24438,0.00268,0.00227,0.00279,0.059170202734559176,0.07249950401042995,1.175557222298508e+35,8.878160428204122e-08,4.809114871184423e-06,7.028486055776891e+39,0.00530852421131185,117967.2046958189,0.0037407155218105942
2.275,9.5,35123,0.10092,2037,0.00479,1e-05,0.23678,0.92994,0.77782,0.22019,0.18417,0.00215,0.00179,0.00231,0.04746333729686881,0.057996184836147255,1.9137012151490724e+35,1.4452845065698e-07,2.8733308658144236e-06,1.4665135699373694e+40,0.011076386479889495,246141.92177532212,0.0078051091379795195
2.275,10.5,34803,0.06153,679,0.00119,1e-05,0.18807,0.90281,0.74424,0.1698,0.13997,0.00164,0.00135,0.00181,0.019340159271899887,0.019509812372496625,6.0902099355643306e+35,4.5995090518573594e-07,1.76795103870356e-06,5.849243697478992e+40,0.04417857777552108,981746.1727893574,0.031130966920007528
2.325,2.2,13997,14.31226,810,0.73044,0.0003,3.36714,1.38479,1.40808,4.66278,4.74122,0.07082,0.07201,0.05114,0.05103596496989294,0.05786954347360149,8.404439205308997e+33,6.347284348092286e-09,0.0010225233978709723,3.8324845298724063e+37,2.894625777849249e-05,643.2501728553887,2.039732917476499e-05
2.325,2.7,20926,11.00808,1663,0.76084,0.00021,2.52966,1.31678,1.30626,3.331,3.30439,0.04119,0.04086,0.03128,0.0691165035137826,0.07947051514861894,8.687075643029508e+33,6.560739855773361e-09,0.0005260479785912263,5.500762315335682e+37,4.154654316718793e-05,923.2565148263984,2.9276272032800558e-05
2.325,3.25,17641,4.66981,1713,0.41639,0.00014,1.82642,1.25573,1.21703,2.29348,2.2228,0.03092,0.02997,0.02462,0.08916636865311436,0.09710333881299246,9.779889734255858e+33,7.386065806401221e-09,0.000264713451618389,8.473306275366843e+37,6.399778153600334e-05,1422.1729230222966,4.509680755397947e-05
2.325,3.85,24538,3.45669,2533,0.31685,0.0001,1.37327,1.20075,1.13847,1.64895,1.56342,0.01913,0.01813,0.01593,0.09166283351992803,0.103227646914989,1.3232113895882873e+34,9.993288947876196e-09,0.00014087089412340045,1.548871705854505e+38,0.00011698426781378435,2599.6503958618746,8.24343732832913e-05
2.325,4.6,27786,1.97838,2939,0.18589,7e-05,1.0147,1.14412,1.05938,1.16094,1.07495,0.01283,0.01188,0.01121,0.093960715332747,0.10577269128338011,1.8334704136007705e+34,1.3846918009219623e-08,7.120060462103218e-05,2.9895099252245948e+38,0.00022579380099883644,5017.640022196366,0.00015910832135325868
2.325,5.5,35047,1.20308,3670,0.10949,5e-05,0.72873,1.0887,0.9838,0.79337,0.71693,0.00783,0.00707,0.00719,0.0910080792632244,0.1047165235255514,2.7699649437276955e+34,2.0919605344971642e-08,3.432761719976032e-05,6.4018631838524054e+38,0.00048352440965652603,10744.986881256134,0.00034072129887291144
2.325,6.5,34893,0.58234,3508,0.05114,3e-05,0.52216,1.03836,0.91677,0.54219,0.47871,0.0053,0.00468,0.0051,0.08781811312978673,0.10053592411085319,4.200436182052648e+34,3.172295281362924e-08,1.668930731092196e-05,1.364606961282753e+39,0.0010306699103344054,22903.77578520901,0.0007262739657917621
2.325,7.5,35088,0.30804,3076,0.02246,2e-05,0.38716,0.99647,0.8622,0.3858,0.33381,0.00383,0.00331,0.00384,0.07291260875211013,0.08766529867761058,7.109926892668354e+34,5.3696298562558364e-08,8.77906976744186e-06,3.1244879786286724e+39,0.002359885180233136,52441.89289406969,0.0016629215149058121
2.325,8.5,35190,0.17066,2549,0.01013,2e-05,0.2909,0.96082,0.81663,0.2795,0.23756,0.00276,0.00235,0.00287,0.05935778741357084,0.072435350951975,1.205509061979596e+35,9.104365697300776e-08,4.84967320261438e-06,6.947680157946692e+39,0.005247492566424993,116610.9459205554,0.003697708838170833
2.325,9.5,35203,0.10303,1965,0.00442,1e-05,0.23181,0.92994,0.77782,0.21557,0.18031,0.00216,0.00181,0.00233,0.0429001261768417,0.05581910632616539,2.162634388006793e+35,1.6332862986230593e-07,2.9267391983637756e-06,1.5928959276018097e+40,0.012030936009077111,267354.13353504695,0.008477743960395958
2.325,10.5,35006,0.06354,495,0.00077,1e-05,0.18512,0.90281,0.74424,0.16713,0.13777,0.00164,0.00136,0.00182,0.012118350645262826,0.01414043306861681,9.874885480701313e+35,7.457809440904246e-07,1.8151174084442667e-06,9.092467532467533e+40,0.06867422607603876,1526093.9128008615,0.04839212052260469
2.375,2.2,13973,14.43319,823,0.69844,0.0003,3.39397,1.38479,1.40808,4.69993,4.77899,0.07071,0.0719,0.05106,0.04839124268439617,0.05889930580405067,8.793703759019108e+33,6.641268604349451e-09,0.0010329342303012953,4.0012026802588627e+37,3.022056405029352e-05,671.5680900065227,2.1295284437040925e-05
2.375,2.7,20884,10.94933,1708,0.81339,0.00021,2.50386,1.31678,1.30626,3.29702,3.27069,0.04269,0.04235,0.03242,0.07428673717935252,0.08178509864010726,8.165769757203645e+33,6.167034028550445e-09,0.0005242927600076614,5.135052066044578e+37,3.878438116347868e-05,861.8751369661929,2.732988130917659e-05
2.375,3.25,17353,4.64951,1571,0.37188,0.00015,1.82798,1.25573,1.21703,2.29545,2.22471,0.03146,0.03049,0.02506,0.07998262182466538,0.09053189650204575,1.0893477034890633e+34,8.227080307295998e-09,0.0002679369561459114,9.332580402280306e+37,7.048776738882405e-05,1566.3948308627569,4.9670054251102136e-05
2.375,3.85,24523,3.60269,2595,0.33611,0.0001,1.41048,1.20075,1.13847,1.69363,1.60578,0.02066,0.01959,0.01721,0.09329417740632695,0.10581902703584391,1.2657761779644773e+34,9.559521017781717e-09,0.00014691065530318475,1.4592246585939126e+38,0.00011021334279410214,2449.185395424492,7.766315941858485e-05
2.375,4.6,27774,1.98768,2999,0.18805,7e-05,1.00024,1.14412,1.05938,1.1444,1.05963,0.01255,0.01162,0.01097,0.09460778394912663,0.10797868510117375,1.8472483046584263e+34,1.3950972771380002e-08,7.156621300496867e-05,2.9538952406274923e+38,0.00022310387013802809,4957.8637808450685,0.00015721282917443774
2.375,5.5,35044,1.23353,3734,0.11112,5e-05,0.72971,1.0887,0.9838,0.79443,0.71789,0.00799,0.00722,0.00734,0.090082932721539,0.10655176349731765,2.7946784309368085e+34,2.1106249006395347e-08,3.519946353156032e-05,6.307415406767458e+38,0.00047639089174980793,10586.464261106843,0.00033569457956325604
2.375,6.5,35129,0.59632,3425,0.0492,3e-05,0.51656,1.03836,0.91677,0.53637,0.47357,0.00528,0.00466,0.00509,0.08250603702709955,0.09749779384554072,4.519389676250361e+34,3.413178518427883e-08,1.6975148737510317e-05,1.4280081300813008e+39,0.0010785559894873871,23967.910877497492,0.000760017468210854
2.375,7.5,34730,0.3112,2970,0.02055,2e-05,0.38298,0.99647,0.8622,0.38163,0.33021,0.00387,0.00335,0.00388,0.06603470437017996,0.08551684422689318,7.93624836173022e+34,5.993692592500731e-08,8.960552836164699e-06,3.380048661800486e+39,0.0025529068442601854,56731.2632057819,0.0017989365552315416
2.375,8.5,34924,0.17561,2417,0.00921,2e-05,0.29139,0.96082,0.81663,0.27998,0.23796,0.0028,0.00238,0.00291,0.05244576049199932,0.06920742183025999,1.362048584360648e+35,1.028659908134316e-07,5.02834726835414e-06,7.583930510314875e+39,0.005728044192080721,127289.87093512714,0.004036335328993124
2.375,9.5,35133,0.10507,1909,0.00407,1e-05,0.2282,0.92994,0.77782,0.21222,0.1775,0.00215,0.0018,0.00231,0.03873608070809936,0.054336378903025645,2.4329210079846212e+35,1.8374148538513864e-07,2.990635584777844e-06,1.7264373464373463e+40,0.013039556997260922,289767.93327246496,0.00918848088763524
2.375,10.5,34578,0.06369,242,0.00035,1e-05,0.18047,0.90281,0.74424,0.16293,0.13431,0.00166,0.00137,0.00184,0.005495368189668708,0.006998669674359419,2.2337375384696317e+36,1.686985528638042e-06,1.8419226097518653e-06,1.975885714285714e+41,0.14923608113940437,3316357.3586534304,0.10516100198672725
2.425,2.2,13900,14.48786,835,0.75102,0.0003,3.42341,1.38479,1.40808,4.7407,4.82044,0.0786,0.07992,0.05676,0.051837883579769546,0.060071942446043164,8.138423029370782e+33,6.146380960177314e-09,0.0010422920863309352,3.701632446539373e+37,2.795794899198922e-05,621.2877553775382,1.9700905485081756e-05
2.425,2.7,21075,10.90105,1763,0.77139,0.00021,2.45797,1.31678,1.30626,3.2366,3.21075,0.04137,0.04104,0.03142,0.0707629081602231,0.08365361803084223,8.732433618987222e+33,6.59499555848291e-09,0.0005172502965599051,5.464162096993737e+37,4.127010647276236e-05,917.1134771724969,2.9081477586646908e-05
2.425,3.25,17498,4.71129,1765,0.41995,0.00015,1.82005,1.25573,1.21703,2.28549,2.21505,0.03259,0.03159,0.02595,0.0891369455074937,0.10086867070522346,9.817319438292958e+33,7.414333840565635e-09,0.0002692473425534347,8.333373020597689e+37,6.294088384137227e-05,1398.6863075860506,4.4352051864093435e-05
2.425,3.85,24381,3.46228,2621,0.34045,0.00011,1.34557,1.20075,1.13847,1.61569,1.53188,0.01887,0.01789,0.01572,0.0983311575031482,0.10750174316065789,1.2588697772001873e+34,9.507361809532416e-09,0.00014200730076699067,1.432280804817154e+38,0.00010817830852093306,2403.9624115762904,7.622914800787324e-05
2.425,4.6,27972,2.02215,3012,0.19056,7e-05,0.993,1.14412,1.05938,1.13611,1.05196,0.01264,0.01171,0.01105,0.09423633261627476,0.10767910767910768,1.8680617876630466e+34,1.4108162432316641e-08,7.22919347919348e-05,2.9357682619647353e+38,0.00022173476298827303,4927.439177517179,0.0001562480713317218
2.425,5.5,35055,1.22733,3806,0.11059,5e-05,0.7103,1.0887,0.9838,0.7733,0.69879,0.00788,0.00712,0.00723,0.09010616541598429,0.10857224361717302,2.870301231721556e+34,2.1677375060203578e-08,3.5011553273427474e-05,6.339632878198751e+38,0.00047882423551350077,10640.538566966685,0.0003374092645537381
2.425,6.5,35210,0.59323,3462,0.04716,3e-05,0.49971,1.03836,0.91677,0.51888,0.45812,0.0051,0.0045,0.00491,0.07949699104900292,0.09832433967622835,4.848555523909133e+34,3.6617744308655936e-08,1.684833854018745e-05,1.4932145886344357e+39,0.001127805580539604,25062.346234213423,0.0007947217857119934
2.425,7.5,34964,0.31591,3095,0.0225,2e-05,0.37508,0.99647,0.8622,0.37375,0.32339,0.0039,0.00337,0.00391,0.07122281662498813,0.08851962018075735,7.513281308063917e+34,5.674255198296138e-08,9.035293444685964e-06,3.107911111111111e+39,0.002347364887546156,52163.66416769236,0.0016540989398684792
2.425,8.5,34880,0.17538,2448,0.00941,2e-05,0.2821,0.96082,0.81663,0.27105,0.23037,0.00278,0.00237,0.0029,0.05365492074352834,0.07018348623853211,1.3752163478078813e+35,1.0386045976949484e-07,5.028096330275229e-06,7.413390010626992e+39,0.005599237168147275,124427.492625495,0.003945569908215848
2.425,9.5,34954,0.10616,1770,0.00391,1e-05,0.2237,0.92994,0.77782,0.20803,0.174,0.00218,0.00182,0.00234,0.0368311981914092,0.05063798134691309,2.610286510663362e+35,1.9713665966795272e-07,3.037134519654403e-06,1.787928388746803e+40,0.013503990851561953,300088.6855902656,0.009515749796748655
2.425,10.5,35200,0.0655,76,0.00011,1e-05,0.17552,0.90281,0.74424,0.15846,0.13063,0.00167,0.00138,0.00185,0.0016793893129770992,0.002159090909090909,7.515518685530045e+36,5.675944932807223e-06,1.8607954545454546e-06,6.4e+41,0.4833836858006042,10741859.684457872,0.3406221361129462
