w_val,q2_val,gen_events,weight,rec_events,weight_rec,flux,cross_section,formfactor,formfactor_krishna,cs_scaled,cs_scaled_krishna,cs_scaled_unc,cs_scaled_krishna_unc,cs_unc
1.4249999999999998,2.2,13828,4.00253,171,0.04036,0.00016,1.86375,1.38479,1.40808,2.5809,2.62431,0.02845,0.02893,0.02055
1.4249999999999998,2.7,20783,2.60804,440,0.05357,0.0001,1.30167,1.31678,1.30626,1.71401,1.70032,0.01554,0.01541,0.0118
1.4249999999999998,3.25,17266,0.96232,513,0.03411,6e-05,0.90355,1.25573,1.21703,1.13462,1.09965,0.01115,0.01081,0.00888
1.4249999999999998,3.85,24330,0.63701,949,0.02586,4e-05,0.64668,1.20075,1.13847,0.7765,0.73623,0.00653,0.00619,0.00544
1.4249999999999998,4.6,27598,0.32043,1147,0.01417,3e-05,0.45258,1.14412,1.05938,0.51781,0.47946,0.00409,0.00378,0.00357
1.4249999999999998,5.5,35043,0.1735,1686,0.00932,2e-05,0.30971,1.0887,0.9838,0.33719,0.3047,0.00238,0.00215,0.00218
1.4249999999999998,6.5,34574,0.07523,1872,0.0046,1e-05,0.21471,1.03836,0.91677,0.22295,0.19684,0.00158,0.00139,0.00152
1.4249999999999998,7.5,35171,0.03684,1890,0.00236,1e-05,0.15434,0.99647,0.8622,0.15379,0.13307,0.00107,0.00093,0.00108
1.4249999999999998,8.5,35101,0.01919,1803,0.0012,0.0,0.11519,0.96082,0.81663,0.11067,0.09406,0.00078,0.00066,0.00081
1.4249999999999998,9.5,34946,0.01079,1459,0.00063,0.0,0.08987,0.92994,0.77782,0.08357,0.0699,0.00058,0.00049,0.00063
1.4249999999999998,10.5,35301,0.0064,1063,0.00043,0.0,0.07079,0.90281,0.74424,0.06391,0.05269,0.00045,0.00037,0.00049
1.475,2.2,14026,6.89336,191,0.09519,0.00017,2.87765,1.38479,1.40808,3.98494,4.05197,0.04247,0.04319,0.03067
1.475,2.7,20936,4.59261,574,0.13655,0.00011,2.05808,1.31678,1.30626,2.71003,2.68839,0.02404,0.02385,0.01826
1.475,3.25,17754,1.74542,668,0.07543,7e-05,1.43506,1.25573,1.21703,1.80204,1.7465,0.01709,0.01657,0.01361
1.475,3.85,24585,1.16819,1172,0.05844,5e-05,1.05263,1.20075,1.13847,1.26395,1.19839,0.01035,0.00981,0.00862
1.475,4.6,27971,0.58805,1493,0.03377,3e-05,0.73219,1.14412,1.05938,0.83771,0.77566,0.00642,0.00595,0.00561
1.475,5.5,34848,0.32051,2059,0.02074,2e-05,0.51213,1.0887,0.9838,0.55755,0.50383,0.00385,0.00348,0.00354
1.475,6.5,35043,0.14297,2247,0.01023,1e-05,0.35718,1.03836,0.91677,0.37088,0.32745,0.00255,0.00225,0.00245
1.475,7.5,34982,0.07013,2200,0.00498,1e-05,0.26133,0.99647,0.8622,0.26041,0.22532,0.00179,0.00155,0.0018
1.475,8.5,35019,0.03728,1896,0.00214,1e-05,0.19799,0.96082,0.81663,0.19024,0.16169,0.00131,0.00111,0.00136
1.475,9.5,34968,0.02092,1635,0.00105,0.0,0.15343,0.92994,0.77782,0.14268,0.11934,0.00098,0.00082,0.00106
1.475,10.5,34809,0.01237,1258,0.00058,0.0,0.12206,0.90281,0.74424,0.1102,0.09084,0.00076,0.00063,0.00084
1.525,2.2,14082,9.19718,272,0.18826,0.00019,3.51867,1.38479,1.40808,4.87261,4.95457,0.05189,0.05277,0.03747
1.525,2.7,21374,6.32539,685,0.22167,0.00012,2.54073,1.31678,1.30626,3.34557,3.31885,0.02946,0.02923,0.02238
1.525,3.25,17650,2.3684,772,0.11282,8e-05,1.78412,1.25573,1.21703,2.24037,2.17133,0.02134,0.02068,0.017
1.525,3.85,24276,1.57282,1274,0.09441,5e-05,1.30212,1.20075,1.13847,1.56352,1.48242,0.01283,0.01217,0.01069
1.525,4.6,28346,0.82728,1754,0.05561,3e-05,0.91848,1.14412,1.05938,1.05086,0.97302,0.00799,0.0074,0.00699
1.525,5.5,34797,0.44914,2379,0.03243,2e-05,0.64701,1.0887,0.9838,0.70439,0.63653,0.00484,0.00438,0.00445
1.525,6.5,35018,0.2002,2454,0.01511,1e-05,0.44906,1.03836,0.91677,0.46629,0.41169,0.00318,0.00281,0.00307
1.525,7.5,35130,0.09889,2366,0.00697,1e-05,0.32828,0.99647,0.8622,0.32713,0.28305,0.00223,0.00193,0.00223
1.525,8.5,34905,0.05251,2157,0.00328,1e-05,0.24973,0.96082,0.81663,0.23995,0.20394,0.00163,0.00138,0.0017
1.525,9.5,35148,0.03007,1815,0.00154,0.0,0.1954,0.92994,0.77782,0.18171,0.15198,0.00122,0.00102,0.00132
1.525,10.5,34984,0.01793,1389,0.00078,0.0,0.15645,0.90281,0.74424,0.14124,0.11644,0.00095,0.00079,0.00106
1.5750000000000002,2.2,13908,9.76561,317,0.2405,0.0002,3.51622,1.38479,1.40808,4.86923,4.95113,0.05287,0.05376,0.03818
1.5750000000000002,2.7,20749,6.5929,786,0.28606,0.00013,2.52151,1.31678,1.30626,3.32026,3.29374,0.03002,0.02978,0.0228
1.5750000000000002,3.25,17289,2.49865,869,0.14202,8e-05,1.76774,1.25573,1.21703,2.2198,2.15139,0.02166,0.02099,0.01725
1.5750000000000002,3.85,24675,1.71609,1446,0.11601,5e-05,1.28065,1.20075,1.13847,1.53774,1.45798,0.01267,0.01201,0.01055
1.5750000000000002,4.6,27922,0.89394,1832,0.06672,3e-05,0.91941,1.14412,1.05938,1.05192,0.974,0.00816,0.00755,0.00713
1.5750000000000002,5.5,34694,0.48597,2565,0.0411,2e-05,0.63825,1.0887,0.9838,0.69486,0.62791,0.00484,0.00437,0.00445
1.5750000000000002,6.5,34978,0.22004,2653,0.01899,1e-05,0.44761,1.03836,0.91677,0.46478,0.41036,0.00321,0.00283,0.00309
1.5750000000000002,7.5,35410,0.10999,2585,0.0086,1e-05,0.32719,0.99647,0.8622,0.32604,0.28211,0.00224,0.00194,0.00224
1.5750000000000002,8.5,34602,0.05758,2334,0.00426,1e-05,0.24889,0.96082,0.81663,0.23914,0.20325,0.00165,0.0014,0.00172
1.5750000000000002,9.5,34923,0.03295,2028,0.00218,0.0,0.19369,0.92994,0.77782,0.18012,0.15065,0.00123,0.00103,0.00133
1.5750000000000002,10.5,34730,0.01957,1412,0.00099,0.0,0.15438,0.90281,0.74424,0.13937,0.11489,0.00096,0.00079,0.00106
1.625,2.2,13948,11.68158,371,0.34215,0.00021,3.93305,1.38479,1.40808,5.44644,5.53806,0.05873,0.05972,0.04241
1.625,2.7,20861,7.85187,882,0.3408,0.00014,2.78518,1.31678,1.30626,3.66746,3.63817,0.03257,0.03231,0.02474
1.625,3.25,17558,3.0722,1039,0.20161,9e-05,1.98612,1.25573,1.21703,2.49402,2.41716,0.02389,0.02315,0.01902
1.625,3.85,24178,2.0703,1524,0.14192,6e-05,1.45717,1.20075,1.13847,1.74969,1.65894,0.01439,0.01364,0.01198
1.625,4.6,28070,1.08479,2001,0.08299,4e-05,1.02142,1.14412,1.05938,1.16864,1.08207,0.00893,0.00827,0.0078
1.625,5.5,35020,0.60146,2870,0.05292,2e-05,0.7174,1.0887,0.9838,0.78104,0.70578,0.00539,0.00487,0.00495
1.625,6.5,34991,0.26738,2917,0.02459,2e-05,0.49666,1.03836,0.91677,0.51571,0.45533,0.00356,0.00315,0.00343
1.625,7.5,34907,0.13224,2770,0.01136,1e-05,0.36346,0.99647,0.8622,0.36218,0.31338,0.00249,0.00216,0.0025
1.625,8.5,35017,0.07054,2412,0.0052,1e-05,0.27373,0.96082,0.81663,0.263,0.22353,0.00181,0.00154,0.00189
1.625,9.5,34874,0.03953,2043,0.00266,1e-05,0.21094,0.92994,0.77782,0.19616,0.16407,0.00135,0.00113,0.00145
1.625,10.5,35522,0.02417,1549,0.00129,0.0,0.16861,0.90281,0.74424,0.15222,0.12549,0.00104,0.00086,0.00115
1.6749999999999998,2.2,14078,15.54485,405,0.44194,0.00023,4.9008,1.38479,1.40808,6.78657,6.90073,0.07213,0.07334,0.05208
1.6749999999999998,2.7,21050,10.55388,1019,0.50181,0.00014,3.48636,1.31678,1.30626,4.59076,4.5541,0.04052,0.0402,0.03077
1.6749999999999998,3.25,17584,4.16295,1130,0.26062,9e-05,2.51303,1.25573,1.21703,3.15569,3.05843,0.03021,0.02928,0.02406
1.6749999999999998,3.85,24439,2.87163,1723,0.19426,6e-05,1.86209,1.20075,1.13847,2.2359,2.11992,0.01831,0.01736,0.01525
1.6749999999999998,4.6,27679,1.49243,2147,0.1119,4e-05,1.32155,1.14412,1.05938,1.51202,1.40002,0.0116,0.01074,0.01014
1.6749999999999998,5.5,34811,0.85567,2930,0.06925,3e-05,0.94833,1.0887,0.9838,1.03244,0.93297,0.00714,0.00645,0.00656
1.6749999999999998,6.5,34894,0.38948,2979,0.0319,2e-05,0.66766,1.03836,0.91677,0.69327,0.6121,0.00479,0.00423,0.00461
1.6749999999999998,7.5,35096,0.19796,2867,0.01532,1e-05,0.49653,0.99647,0.8622,0.49478,0.42811,0.00339,0.00293,0.0034
1.6749999999999998,8.5,34809,0.10627,2537,0.00719,1e-05,0.37967,0.96082,0.81663,0.3648,0.31005,0.00251,0.00213,0.00261
1.6749999999999998,9.5,34955,0.06083,2071,0.0033,1e-05,0.29569,0.92994,0.77782,0.27497,0.22999,0.00189,0.00158,0.00203
1.6749999999999998,10.5,35071,0.03702,1642,0.00163,0.0,0.23832,0.90281,0.74424,0.21516,0.17737,0.00147,0.00121,0.00163
1.725,2.2,14269,19.20764,502,0.58612,0.00024,5.68571,1.38479,1.40808,7.87351,8.00595,0.08435,0.08577,0.06091
1.725,2.7,21009,13.2347,1077,0.63936,0.00015,4.14485,1.31678,1.30626,5.45785,5.41426,0.04872,0.04833,0.037
1.725,3.25,17417,5.14709,1168,0.31716,0.0001,2.95366,1.25573,1.21703,3.709,3.59469,0.03585,0.03475,0.02855
1.725,3.85,24690,3.67796,1904,0.26251,7e-05,2.21336,1.20075,1.13847,2.65769,2.51984,0.02177,0.02064,0.01813
1.725,4.6,28090,1.9462,2307,0.14158,4e-05,1.58541,1.14412,1.05938,1.81391,1.67955,0.01386,0.01283,0.01211
1.725,5.5,35084,1.1063,2991,0.08675,3e-05,1.13117,1.0887,0.9838,1.23151,1.11285,0.00846,0.00765,0.00777
1.725,6.5,34864,0.50641,3157,0.0416,2e-05,0.80492,1.03836,0.91677,0.83579,0.73793,0.00573,0.00506,0.00551
1.725,7.5,35017,0.25863,2908,0.01862,1e-05,0.60048,0.99647,0.8622,0.59836,0.51773,0.00407,0.00352,0.00408
1.725,8.5,35199,0.14221,2626,0.00874,1e-05,0.46281,0.96082,0.81663,0.44468,0.37795,0.003,0.00255,0.00313
1.725,9.5,34942,0.08246,2201,0.00423,1e-05,0.36849,0.92994,0.77782,0.34267,0.28662,0.00232,0.00194,0.00249
1.725,10.5,35279,0.05059,1629,0.00177,0.0,0.29687,0.90281,0.74424,0.26802,0.22095,0.0018,0.00149,0.002
1.775,2.2,13891,16.956,525,0.60738,0.00025,4.93692,1.38479,1.40808,6.83659,6.9516,0.07573,0.07701,0.05469
1.775,2.7,20893,12.09323,1165,0.65008,0.00016,3.62583,1.31678,1.30626,4.77442,4.73628,0.04373,0.04338,0.03321
1.775,3.25,17505,4.75279,1190,0.32562,0.00011,2.5709,1.25573,1.21703,3.22836,3.12886,0.0318,0.03082,0.02533
1.775,3.85,24366,3.34654,1911,0.25522,7e-05,1.92506,1.20075,1.13847,2.31151,2.19161,0.01933,0.01833,0.0161
1.775,4.6,28000,1.82299,2375,0.14848,5e-05,1.39938,1.14412,1.05938,1.60106,1.48247,0.01246,0.01154,0.01089
1.775,5.5,34960,1.03022,3318,0.09314,3e-05,0.98886,1.0887,0.9838,1.07657,0.97284,0.00753,0.00681,0.00692
1.775,6.5,34931,0.47102,3315,0.04324,2e-05,0.69638,1.03836,0.91677,0.72309,0.63842,0.00502,0.00443,0.00483
1.775,7.5,35224,0.24081,3025,0.02027,1e-05,0.51638,0.99647,0.8622,0.51456,0.44522,0.00353,0.00306,0.00355
1.775,8.5,34907,0.13148,2746,0.00953,1e-05,0.39977,0.96082,0.81663,0.38411,0.32647,0.00263,0.00223,0.00273
1.775,9.5,35179,0.0767,2201,0.00433,1e-05,0.31467,0.92994,0.77782,0.29263,0.24476,0.00199,0.00166,0.00214
1.775,10.5,34946,0.04655,1675,0.00211,1e-05,0.25434,0.90281,0.74424,0.22962,0.18929,0.00156,0.00129,0.00173
1.825,2.2,13993,16.7155,510,0.58416,0.00026,4.65201,1.38479,1.40808,6.44205,6.55042,0.07292,0.07414,0.05266
1.825,2.7,21027,11.77799,1181,0.66035,0.00017,3.35922,1.31678,1.30626,4.42335,4.38801,0.04098,0.04065,0.03112
1.825,3.25,17547,4.73243,1244,0.33375,0.00011,2.43285,1.25573,1.21703,3.055,2.96084,0.03057,0.02963,0.02434
1.825,3.85,24595,3.38511,2057,0.27877,8e-05,1.82988,1.20075,1.13847,2.19723,2.08326,0.01867,0.0177,0.01555
1.825,4.6,28054,1.81244,2556,0.15863,5e-05,1.31147,1.14412,1.05938,1.50049,1.38935,0.0119,0.01102,0.0104
1.825,5.5,35084,1.03487,3408,0.09757,3e-05,0.93094,1.0887,0.9838,1.01351,0.91586,0.00721,0.00651,0.00662
1.825,6.5,34823,0.47568,3258,0.04414,2e-05,0.66099,1.03836,0.91677,0.68634,0.60598,0.00485,0.00429,0.00467
1.825,7.5,35426,0.25008,3146,0.02192,1e-05,0.49802,0.99647,0.8622,0.49626,0.42939,0.00345,0.00299,0.00347
1.825,8.5,34685,0.13358,2724,0.0103,1e-05,0.38074,0.96082,0.81663,0.36582,0.31092,0.00254,0.00216,0.00265
1.825,9.5,34956,0.07834,2282,0.00501,1e-05,0.30054,0.92994,0.77782,0.27949,0.23377,0.00193,0.00161,0.00207
1.825,10.5,34957,0.04795,1657,0.00211,1e-05,0.24278,0.90281,0.74424,0.21918,0.18069,0.0015,0.00124,0.00166
1.875,2.2,13755,16.34916,538,0.65612,0.00027,4.47918,1.38479,1.40808,6.20272,6.30706,0.07481,0.07607,0.05402
1.875,2.7,20864,11.66443,1227,0.76742,0.00017,3.22604,1.31678,1.30626,4.24798,4.21405,0.04204,0.0417,0.03193
1.875,3.25,17508,4.76306,1276,0.37753,0.00012,2.34965,1.25573,1.21703,2.95052,2.85959,0.03182,0.03084,0.02534
1.875,3.85,24464,3.4073,2047,0.30937,8e-05,1.76532,1.20075,1.13847,2.1197,2.00976,0.01929,0.01829,0.01606
1.875,4.6,27818,1.84686,2533,0.17464,5e-05,1.27924,1.14412,1.05938,1.4636,1.35519,0.01235,0.01143,0.01079
1.875,5.5,34912,1.05927,3389,0.10932,3e-05,0.90511,1.0887,0.9838,0.98539,0.89044,0.00746,0.00674,0.00685
1.875,6.5,35129,0.50093,3364,0.04925,2e-05,0.64971,1.03836,0.91677,0.67463,0.59564,0.00505,0.00446,0.00487
1.875,7.5,35101,0.26215,3244,0.02467,2e-05,0.49453,0.99647,0.8622,0.49278,0.42638,0.00362,0.00314,0.00364
1.875,8.5,34980,0.1449,2699,0.0111,1e-05,0.38328,0.96082,0.81663,0.36827,0.313,0.0027,0.0023,0.00282
1.875,9.5,35008,0.08533,2170,0.00493,1e-05,0.30516,0.92994,0.77782,0.28378,0.23736,0.00208,0.00174,0.00224
1.875,10.5,34730,0.05217,1605,0.00215,1e-05,0.24765,0.90281,0.74424,0.22358,0.18431,0.00164,0.00135,0.00182
1.925,2.2,14010,16.39602,591,0.70667,0.00027,4.28699,1.38479,1.40808,5.93658,6.03644,0.0691,0.07027,0.0499
1.925,2.7,20867,11.91045,1359,0.81037,0.00018,3.18356,1.31678,1.30626,4.19205,4.15856,0.04002,0.0397,0.03039
1.925,3.25,17601,4.80383,1336,0.40371,0.00012,2.26732,1.25573,1.21703,2.84714,2.75939,0.02921,0.02831,0.02326
1.925,3.85,24416,3.46542,2154,0.31826,8e-05,1.72288,1.20075,1.13847,2.06875,1.96144,0.01822,0.01728,0.01518
1.925,4.6,27824,1.90766,2680,0.19368,5e-05,1.25967,1.14412,1.05938,1.44122,1.33447,0.01186,0.01098,0.01036
1.925,5.5,34928,1.11849,3456,0.11324,4e-05,0.90703,1.0887,0.9838,0.98748,0.89233,0.00731,0.0066,0.00671
1.925,6.5,35255,0.53962,3474,0.05378,2e-05,0.65962,1.03836,0.91677,0.68492,0.60472,0.00496,0.00438,0.00478
1.925,7.5,34738,0.27323,3133,0.02464,2e-05,0.49099,0.99647,0.8622,0.48926,0.42333,0.00355,0.00307,0.00356
1.925,8.5,34992,0.15425,2827,0.01194,1e-05,0.38342,0.96082,0.81663,0.3684,0.31312,0.00264,0.00225,0.00275
1.925,9.5,34817,0.09095,2186,0.00514,1e-05,0.30667,0.92994,0.77782,0.28518,0.23853,0.00205,0.00172,0.00221
1.925,10.5,35057,0.05701,1571,0.00221,1e-05,0.25082,0.90281,0.74424,0.22644,0.18667,0.00162,0.00134,0.00179
1.975,2.2,13851,16.55456,565,0.65787,0.00028,4.27319,1.38479,1.40808,5.91746,6.017,0.07079,0.07198,0.05112
1.975,2.7,20587,12.08752,1331,0.8246,0.00018,3.17859,1.31678,1.30626,4.1855,4.15207,0.04193,0.0416,0.03185
1.975,3.25,17453,4.97597,1421,0.407,0.00012,2.28769,1.25573,1.21703,2.87272,2.78419,0.03069,0.02975,0.02444
1.975,3.85,24198,3.53993,2189,0.32567,9e-05,1.70783,1.20075,1.13847,2.05068,1.94431,0.01862,0.01765,0.0155
1.975,4.6,27726,1.95599,2619,0.18867,6e-05,1.24111,1.14412,1.05938,1.41998,1.3148,0.0121,0.01121,0.01058
1.975,5.5,34466,1.13817,3555,0.11852,4e-05,0.89182,1.0887,0.9838,0.97092,0.87737,0.00739,0.00668,0.00679
1.975,6.5,34802,0.5474,3341,0.0536,2e-05,0.64377,1.03836,0.91677,0.66847,0.5902,0.00502,0.00443,0.00484
1.975,7.5,34771,0.28327,3102,0.0244,2e-05,0.4814,0.99647,0.8622,0.4797,0.41507,0.00358,0.0031,0.00359
1.975,8.5,34868,0.1604,2766,0.0127,1e-05,0.37768,0.96082,0.81663,0.36288,0.30843,0.00268,0.00228,0.00279
1.975,9.5,35084,0.09482,2144,0.00522,1e-05,0.29871,0.92994,0.77782,0.27779,0.23235,0.00205,0.00171,0.0022
1.975,10.5,35180,0.05946,1595,0.0023,1e-05,0.24483,0.90281,0.74424,0.22104,0.18221,0.00161,0.00133,0.00179
2.025,2.2,14073,16.04836,631,0.73695,0.00029,3.99425,1.38479,1.40808,5.53119,5.62424,0.06579,0.0669,0.04751
2.025,2.7,20752,11.52347,1327,0.7775,0.00019,2.92892,1.31678,1.30626,3.85674,3.82593,0.03887,0.03856,0.02952
2.025,3.25,17404,4.77669,1481,0.44073,0.00013,2.13532,1.25573,1.21703,2.68138,2.59874,0.02906,0.02816,0.02314
2.025,3.85,24367,3.46332,2246,0.34067,9e-05,1.60196,1.20075,1.13847,1.92355,1.82377,0.01778,0.01685,0.0148
2.025,4.6,28039,1.92306,2800,0.19916,6e-05,1.15981,1.14412,1.05938,1.32697,1.22868,0.01137,0.01053,0.00994
2.025,5.5,34996,1.14744,3531,0.1203,4e-05,0.84749,1.0887,0.9838,0.92267,0.83377,0.00715,0.00646,0.00657
2.025,6.5,34699,0.5399,3553,0.05593,3e-05,0.60713,1.03836,0.91677,0.63042,0.5566,0.00482,0.00426,0.00464
2.025,7.5,34707,0.28125,3253,0.02639,2e-05,0.45501,0.99647,0.8622,0.4534,0.39231,0.00344,0.00297,0.00345
2.025,8.5,35083,0.15877,2794,0.01177,1e-05,0.35201,0.96082,0.81663,0.33822,0.28746,0.00257,0.00218,0.00267
2.025,9.5,34821,0.09362,2103,0.00501,1e-05,0.28077,0.92994,0.77782,0.2611,0.21839,0.00198,0.00166,0.00213
2.025,10.5,35155,0.05851,1510,0.00221,1e-05,0.22725,0.90281,0.74424,0.20517,0.16913,0.00154,0.00127,0.0017
2.075,2.2,14083,15.72894,675,0.7636,0.00029,3.84538,1.38479,1.40808,5.32504,5.41462,0.06543,0.06653,0.04725
2.075,2.7,20753,11.38593,1468,0.80582,0.00019,2.82927,1.31678,1.30626,3.72552,3.69576,0.03848,0.03817,0.02922
2.075,3.25,17666,4.86091,1494,0.43119,0.00013,2.083,1.25573,1.21703,2.61568,2.53507,0.02877,0.02788,0.02291
2.075,3.85,24595,3.45342,2242,0.3212,9e-05,1.53333,1.20075,1.13847,1.84114,1.74564,0.01728,0.01638,0.01439
2.075,4.6,28232,1.96857,2870,0.20263,6e-05,1.13746,1.14412,1.05938,1.3014,1.205,0.01146,0.01061,0.01002
2.075,5.5,34976,1.14711,3686,0.12246,4e-05,0.81427,1.0887,0.9838,0.88649,0.80108,0.00708,0.0064,0.00651
2.075,6.5,35239,0.54508,3459,0.05278,3e-05,0.57745,1.03836,0.91677,0.5996,0.5294,0.00471,0.00416,0.00454
2.075,7.5,35340,0.28634,3190,0.02422,2e-05,0.43378,0.99647,0.8622,0.43225,0.37401,0.00334,0.00289,0.00335
2.075,8.5,35216,0.15919,2676,0.01125,1e-05,0.33426,0.96082,0.81663,0.32117,0.27297,0.0025,0.00212,0.0026
2.075,9.5,35002,0.09412,2145,0.00502,1e-05,0.26626,0.92994,0.77782,0.2476,0.2071,0.00194,0.00162,0.00209
2.075,10.5,34909,0.05803,1462,0.00203,1e-05,0.21467,0.90281,0.74424,0.19381,0.15977,0.0015,0.00124,0.00166
2.125,2.2,14157,15.56506,748,0.75028,0.00029,3.73249,1.38479,1.40808,5.16871,5.25566,0.06706,0.06819,0.04843
2.125,2.7,21193,11.56524,1577,0.77841,0.0002,2.76016,1.31678,1.30626,3.63451,3.60548,0.03929,0.03898,0.02984
2.125,3.25,17765,4.77154,1587,0.41208,0.00014,1.9849,1.25573,1.21703,2.4925,2.41568,0.0286,0.02772,0.02278
2.125,3.85,24396,3.48666,2324,0.32036,9e-05,1.51711,1.20075,1.13847,1.82167,1.72718,0.01836,0.0174,0.01529
2.125,4.6,27622,1.91849,2813,0.17795,6e-05,1.09656,1.14412,1.05938,1.2546,1.16167,0.01171,0.01084,0.01023
2.125,5.5,34872,1.14691,3682,0.11804,4e-05,0.78689,1.0887,0.9838,0.85668,0.77414,0.00715,0.00646,0.00657
2.125,6.5,35253,0.55433,3442,0.0516,3e-05,0.56345,1.03836,0.91677,0.58506,0.51656,0.00481,0.00424,0.00463
2.125,7.5,34782,0.29046,3104,0.02351,2e-05,0.42768,0.99647,0.8622,0.42617,0.36874,0.00358,0.0031,0.00359
2.125,8.5,34972,0.16098,2705,0.01116,1e-05,0.32464,0.96082,0.81663,0.31192,0.26511,0.00259,0.0022,0.0027
2.125,9.5,34866,0.09571,2089,0.00474,1e-05,0.25851,0.92994,0.77782,0.2404,0.20108,0.002,0.00167,0.00215
2.125,10.5,34948,0.06014,1291,0.00189,1e-05,0.21086,0.90281,0.74424,0.19037,0.15693,0.00159,0.00131,0.00176
2.175,2.2,13993,15.26355,703,0.68202,0.0003,3.6616,1.38479,1.40808,5.07054,5.15583,0.06691,0.06804,0.04832
2.175,2.7,20771,11.19304,1612,0.82353,0.0002,2.68113,1.31678,1.30626,3.53045,3.50225,0.03824,0.03793,0.02904
2.175,3.25,17578,4.64605,1643,0.42759,0.00014,1.91247,1.25573,1.21703,2.40154,2.32753,0.02756,0.02671,0.02194
2.175,3.85,24680,3.51402,2436,0.3265,0.0001,1.47366,1.20075,1.13847,1.7695,1.67772,0.01744,0.01654,0.01453
2.175,4.6,27803,1.93658,2889,0.18795,7e-05,1.06757,1.14412,1.05938,1.22143,1.13096,0.01129,0.01045,0.00987
2.175,5.5,35172,1.16427,3570,0.11119,4e-05,0.76555,1.0887,0.9838,0.83345,0.75315,0.0069,0.00624,0.00634
2.175,6.5,35033,0.55412,3542,0.05235,3e-05,0.54567,1.03836,0.91677,0.5666,0.50025,0.00465,0.0041,0.00447
2.175,7.5,34635,0.28485,3131,0.02239,2e-05,0.40412,0.99647,0.8622,0.4027,0.34844,0.00331,0.00286,0.00332
2.175,8.5,34831,0.16263,2631,0.01037,1e-05,0.31498,0.96082,0.81663,0.30264,0.25722,0.00252,0.00214,0.00262
2.175,9.5,35027,0.09626,2023,0.0047,1e-05,0.2469,0.92994,0.77782,0.2296,0.19205,0.00188,0.00157,0.00202
2.175,10.5,34873,0.06023,1063,0.0015,1e-05,0.20134,0.90281,0.74424,0.18177,0.14985,0.00152,0.00125,0.00168
2.225,2.2,13971,14.68063,759,0.73182,0.0003,3.49679,1.38479,1.40808,4.84231,4.92376,0.06662,0.06774,0.04811
2.225,2.7,20886,11.11577,1606,0.79037,0.0002,2.61177,1.31678,1.30626,3.43912,3.41165,0.03909,0.03878,0.02969
2.225,3.25,17405,4.69006,1545,0.39144,0.00014,1.91433,1.25573,1.21703,2.40388,2.3298,0.03095,0.02999,0.02465
2.225,3.85,24510,3.4206,2417,0.31838,0.0001,1.4123,1.20075,1.13847,1.69582,1.60786,0.01779,0.01687,0.01482
2.225,4.6,28266,1.94527,2944,0.19032,7e-05,1.02688,1.14412,1.05938,1.17487,1.08785,0.01134,0.0105,0.00992
2.225,5.5,34832,1.16184,3722,0.11431,4e-05,0.74777,1.0887,0.9838,0.81409,0.73565,0.00732,0.00662,0.00673
2.225,6.5,34631,0.54653,3474,0.05071,3e-05,0.52565,1.03836,0.91677,0.54581,0.4819,0.00481,0.00424,0.00463
2.225,7.5,35088,0.29078,3088,0.02236,2e-05,0.39179,0.99647,0.8622,0.39041,0.3378,0.00348,0.00301,0.00349
2.225,8.5,34948,0.1623,2613,0.01037,2e-05,0.30049,0.96082,0.81663,0.28872,0.24539,0.00252,0.00214,0.00262
2.225,9.5,35158,0.0988,1987,0.0045,1e-05,0.24148,0.92994,0.77782,0.22456,0.18783,0.00201,0.00168,0.00216
2.225,10.5,35112,0.06001,928,0.00147,1e-05,0.19008,0.90281,0.74424,0.17161,0.14147,0.00149,0.00123,0.00166
2.275,2.2,14080,14.99486,756,0.72669,0.0003,3.52161,1.38479,1.40808,4.87668,4.95872,0.07211,0.07332,0.05207
2.275,2.7,20868,10.99641,1635,0.72998,0.00021,2.55693,1.31678,1.30626,3.36691,3.34001,0.04212,0.04179,0.03199
2.275,3.25,17355,4.63273,1624,0.39134,0.00014,1.86667,1.25573,1.21703,2.34404,2.2718,0.03157,0.0306,0.02514
2.275,3.85,24378,3.49958,2481,0.30738,0.0001,1.42412,1.20075,1.13847,1.71001,1.62131,0.01941,0.0184,0.01616
2.275,4.6,28304,1.99571,2930,0.18377,7e-05,1.02695,1.14412,1.05938,1.17496,1.08793,0.0121,0.0112,0.01057
2.275,5.5,35255,1.18909,3731,0.11374,5e-05,0.73489,1.0887,0.9838,0.80007,0.72299,0.00755,0.00682,0.00694
2.275,6.5,34772,0.57424,3340,0.04607,3e-05,0.53246,1.03836,0.91677,0.55288,0.48814,0.00531,0.00469,0.00511
2.275,7.5,35136,0.29775,3046,0.02106,2e-05,0.38647,0.99647,0.8622,0.38511,0.33322,0.00363,0.00314,0.00365
2.275,8.5,35283,0.16968,2558,0.01004,2e-05,0.29926,0.96082,0.81663,0.28753,0.24438,0.00268,0.00227,0.00279
2.275,9.5,35123,0.10092,2037,0.00479,1e-05,0.23678,0.92994,0.77782,0.22019,0.18417,0.00215,0.00179,0.00231
2.275,10.5,34803,0.06153,679,0.00119,1e-05,0.18807,0.90281,0.74424,0.1698,0.13997,0.00164,0.00135,0.00181
2.325,2.2,13997,14.31226,810,0.73044,0.0003,3.36714,1.38479,1.40808,4.66278,4.74122,0.07082,0.07201,0.05114
2.325,2.7,20926,11.00808,1663,0.76084,0.00021,2.52966,1.31678,1.30626,3.331,3.30439,0.04119,0.04086,0.03128
2.325,3.25,17641,4.66981,1713,0.41639,0.00014,1.82642,1.25573,1.21703,2.29348,2.2228,0.03092,0.02997,0.02462
2.325,3.85,24538,3.45669,2533,0.31685,0.0001,1.37327,1.20075,1.13847,1.64895,1.56342,0.01913,0.01813,0.01593
2.325,4.6,27786,1.97838,2939,0.18589,7e-05,1.0147,1.14412,1.05938,1.16094,1.07495,0.01283,0.01188,0.01121
2.325,5.5,35047,1.20308,3670,0.10949,5e-05,0.72873,1.0887,0.9838,0.79337,0.71693,0.00783,0.00707,0.00719
2.325,6.5,34893,0.58234,3508,0.05114,3e-05,0.52216,1.03836,0.91677,0.54219,0.47871,0.0053,0.00468,0.0051
2.325,7.5,35088,0.30804,3076,0.02246,2e-05,0.38716,0.99647,0.8622,0.3858,0.33381,0.00383,0.00331,0.00384
2.325,8.5,35190,0.17066,2549,0.01013,2e-05,0.2909,0.96082,0.81663,0.2795,0.23756,0.00276,0.00235,0.00287
2.325,9.5,35203,0.10303,1965,0.00442,1e-05,0.23181,0.92994,0.77782,0.21557,0.18031,0.00216,0.00181,0.00233
2.325,10.5,35006,0.06354,495,0.00077,1e-05,0.18512,0.90281,0.74424,0.16713,0.13777,0.00164,0.00136,0.00182
2.375,2.2,13973,14.43319,823,0.69844,0.0003,3.39397,1.38479,1.40808,4.69993,4.77899,0.07071,0.0719,0.05106
2.375,2.7,20884,10.94933,1708,0.81339,0.00021,2.50386,1.31678,1.30626,3.29702,3.27069,0.04269,0.04235,0.03242
2.375,3.25,17353,4.64951,1571,0.37188,0.00015,1.82798,1.25573,1.21703,2.29545,2.22471,0.03146,0.03049,0.02506
2.375,3.85,24523,3.60269,2595,0.33611,0.0001,1.41048,1.20075,1.13847,1.69363,1.60578,0.02066,0.01959,0.01721
2.375,4.6,27774,1.98768,2999,0.18805,7e-05,1.00024,1.14412,1.05938,1.1444,1.05963,0.01255,0.01162,0.01097
2.375,5.5,35044,1.23353,3734,0.11112,5e-05,0.72971,1.0887,0.9838,0.79443,0.71789,0.00799,0.00722,0.00734
2.375,6.5,35129,0.59632,3425,0.0492,3e-05,0.51656,1.03836,0.91677,0.53637,0.47357,0.00528,0.00466,0.00509
2.375,7.5,34730,0.3112,2970,0.02055,2e-05,0.38298,0.99647,0.8622,0.38163,0.33021,0.00387,0.00335,0.00388
2.375,8.5,34924,0.17561,2417,0.00921,2e-05,0.29139,0.96082,0.81663,0.27998,0.23796,0.0028,0.00238,0.00291
2.375,9.5,35133,0.10507,1909,0.00407,1e-05,0.2282,0.92994,0.77782,0.21222,0.1775,0.00215,0.0018,0.00231
2.375,10.5,34578,0.06369,242,0.00035,1e-05,0.18047,0.90281,0.74424,0.16293,0.13431,0.00166,0.00137,0.00184
2.425,2.2,13900,14.48786,835,0.75102,0.0003,3.42341,1.38479,1.40808,4.7407,4.82044,0.0786,0.07992,0.05676
2.425,2.7,21075,10.90105,1763,0.77139,0.00021,2.45797,1.31678,1.30626,3.2366,3.21075,0.04137,0.04104,0.03142
2.425,3.25,17498,4.71129,1765,0.41995,0.00015,1.82005,1.25573,1.21703,2.28549,2.21505,0.03259,0.03159,0.02595
2.425,3.85,24381,3.46228,2621,0.34045,0.00011,1.34557,1.20075,1.13847,1.61569,1.53188,0.01887,0.01789,0.01572
2.425,4.6,27972,2.02215,3012,0.19056,7e-05,0.993,1.14412,1.05938,1.13611,1.05196,0.01264,0.01171,0.01105
2.425,5.5,35055,1.22733,3806,0.11059,5e-05,0.7103,1.0887,0.9838,0.7733,0.69879,0.00788,0.00712,0.00723
2.425,6.5,35210,0.59323,3462,0.04716,3e-05,0.49971,1.03836,0.91677,0.51888,0.45812,0.0051,0.0045,0.00491
2.425,7.5,34964,0.31591,3095,0.0225,2e-05,0.37508,0.99647,0.8622,0.37375,0.32339,0.0039,0.00337,0.00391
2.425,8.5,34880,0.17538,2448,0.00941,2e-05,0.2821,0.96082,0.81663,0.27105,0.23037,0.00278,0.00237,0.0029
2.425,9.5,34954,0.10616,1770,0.00391,1e-05,0.2237,0.92994,0.77782,0.20803,0.174,0.00218,0.00182,0.00234
2.425,10.5,35200,0.0655,76,0.00011,1e-05,0.17552,0.90281,0.74424,0.15846,0.13063,0.00167,0.00138,0.00185
