w_val,q2_val,gen_events,weight,rec_events,weight_rec,flux,cross_section,formfactor,cs_scaled
1.4249999999999998,3.85,99427,2.83176,332,0.01604,5e-05,0.62469,1.20075,0.75009
1.4249999999999998,4.6,113801,1.46519,1518,0.03066,3e-05,0.43868,1.14412,0.50191
1.4249999999999998,5.5,142417,0.80015,3979,0.03392,2e-05,0.30171,1.0887,0.32847
1.4249999999999998,6.5,142011,0.35778,6248,0.02289,1e-05,0.20948,1.03836,0.21752
1.4249999999999998,7.5,142281,0.17949,7740,0.01233,1e-05,0.15399,0.99647,0.15345
1.4249999999999998,8.5,141941,0.09601,9363,0.00712,1e-05,0.11636,0.96082,0.1118
1.4249999999999998,10.0,283532,0.08836,22543,0.00768,0.0,0.08457,0.91596,0.07746
1.4249999999999998,12.0,283453,0.03454,25304,0.00377,0.0,0.05593,0.86759,0.04852
1.4249999999999998,14.0,284534,0.01551,23998,0.00163,0.0,0.03947,0.82833,0.03269
1.4249999999999998,16.5,425762,0.01001,29360,0.00098,0.0,0.02798,0.78815,0.02205
1.4249999999999998,19.5,426040,0.00406,21396,0.00034,0.0,0.01903,0.74904,0.01426
1.4249999999999998,23.0,571788,0.00226,15938,0.00013,0.0,0.01327,0.71209,0.00945
1.4249999999999998,27.5,714604,0.00109,6062,4e-05,0.0,0.00903,0.67395,0.00608
1.475,3.25,71982,7.56436,1,0.0,8e-05,1.3753,1.25573,1.72701
1.475,3.85,100378,5.17226,395,0.02281,5e-05,1.0102,1.20075,1.213
1.475,4.6,114868,2.68788,1713,0.04544,3e-05,0.70997,1.14412,0.81229
1.475,5.5,143959,1.49763,4509,0.05611,2e-05,0.49572,1.0887,0.53969
1.475,6.5,143060,0.67743,6967,0.03631,1e-05,0.3483,1.03836,0.36166
1.475,7.5,143492,0.34246,8651,0.01943,1e-05,0.25707,0.99647,0.25617
1.475,8.5,143486,0.18673,10552,0.0119,1e-05,0.19715,0.96082,0.18942
1.475,10.0,286181,0.17278,24982,0.01294,0.0,0.14392,0.91596,0.13182
1.475,12.0,287151,0.06874,27519,0.00602,0.0,0.09626,0.86759,0.08351
1.475,14.0,286444,0.03101,26201,0.00261,0.0,0.06854,0.82833,0.05677
1.475,16.5,431459,0.02036,32348,0.00152,0.0,0.04902,0.78815,0.03863
1.475,19.5,430180,0.00837,23766,0.00051,0.0,0.03381,0.74904,0.02532
1.475,23.0,573580,0.00471,18451,0.00019,0.0,0.02393,0.71209,0.01704
1.475,27.5,716681,0.00231,7507,5e-05,0.0,0.01648,0.67395,0.01111
1.525,3.85,99915,7.03346,460,0.02736,6e-05,1.24763,1.20075,1.49809
1.525,4.6,114585,3.70364,2004,0.06544,4e-05,0.88317,1.14412,1.01045
1.525,5.5,143265,2.07885,5052,0.07591,2e-05,0.62045,1.0887,0.67548
1.525,6.5,143361,0.95619,7670,0.05006,2e-05,0.43884,1.03836,0.45567
1.525,7.5,143560,0.48319,9438,0.02843,1e-05,0.32347,0.99647,0.32233
1.525,8.5,143266,0.2636,11364,0.01746,1e-05,0.24817,0.96082,0.23845
1.525,10.0,287897,0.2474,26845,0.01875,0.0,0.18192,0.91596,0.16663
1.525,12.0,286017,0.09777,28593,0.00852,0.0,0.12173,0.86759,0.10562
1.525,14.0,286086,0.0445,27550,0.00377,0.0,0.08702,0.82833,0.07208
1.525,16.5,430896,0.02927,34192,0.00214,0.0,0.06224,0.78815,0.04905
1.525,19.5,431128,0.01214,25551,0.00071,0.0,0.04308,0.74904,0.03227
1.525,23.0,573579,0.00684,20040,0.00027,0.0,0.03055,0.71209,0.02175
1.525,27.5,716803,0.00335,8410,7e-05,0.0,0.021,0.67395,0.01415
1.5750000000000002,3.85,100934,7.77172,563,0.0431,6e-05,1.2458,1.20075,1.4959
1.5750000000000002,4.6,114280,4.04237,2207,0.08654,4e-05,0.87888,1.14412,1.00555
1.5750000000000002,5.5,143880,2.30704,5333,0.09691,3e-05,0.62115,1.0887,0.67625
1.5750000000000002,6.5,143336,1.05217,8072,0.06421,2e-05,0.43616,1.03836,0.45289
1.5750000000000002,7.5,143858,0.53772,10284,0.03911,1e-05,0.32357,0.99647,0.32243
1.5750000000000002,8.5,143541,0.29383,12213,0.0229,1e-05,0.24817,0.96082,0.23844
1.5750000000000002,10.0,287358,0.27531,28241,0.02501,1e-05,0.18182,0.91596,0.16654
1.5750000000000002,12.0,287151,0.11003,29843,0.01137,0.0,0.122,0.86759,0.10585
1.5750000000000002,14.0,286246,0.0498,28319,0.00496,0.0,0.08683,0.82833,0.07192
1.5750000000000002,16.5,430147,0.0328,35400,0.00278,0.0,0.06218,0.78815,0.04901
1.5750000000000002,19.5,429552,0.01353,26577,0.00095,0.0,0.04279,0.74904,0.03205
1.5750000000000002,23.0,573109,0.00764,21560,0.00037,0.0,0.03026,0.71209,0.02155
1.5750000000000002,27.5,714997,0.00374,9195,9e-05,0.0,0.02076,0.67395,0.01399
1.625,3.85,100334,9.44504,634,0.05538,7e-05,1.40235,1.20075,1.68387
1.625,4.6,114456,5.00474,2432,0.11011,4e-05,0.99634,1.14412,1.13993
1.625,5.5,143140,2.82785,5672,0.12244,3e-05,0.69922,1.0887,0.76124
1.625,6.5,143479,1.30254,8694,0.08425,2e-05,0.49121,1.03836,0.51006
1.625,7.5,143509,0.661,10664,0.04844,1e-05,0.36214,0.99647,0.36086
1.625,8.5,142969,0.35964,12846,0.0308,1e-05,0.27638,0.96082,0.26555
1.625,10.0,287371,0.33887,29675,0.03277,1e-05,0.20227,0.91596,0.18527
1.625,12.0,287067,0.13413,30534,0.01465,0.0,0.13409,0.86759,0.11633
1.625,14.0,286379,0.0609,28771,0.00641,0.0,0.09545,0.82833,0.07907
1.625,16.5,429947,0.03986,36662,0.00368,0.0,0.06784,0.78815,0.05347
1.625,19.5,430934,0.01641,26968,0.00121,0.0,0.04632,0.74904,0.0347
1.625,23.0,572911,0.00918,22488,0.00047,0.0,0.03251,0.71209,0.02315
1.625,27.5,717803,0.00447,9926,0.00012,0.0,0.02204,0.67395,0.01485
1.6749999999999998,3.85,100234,13.0225,699,0.07005,7e-05,1.79549,1.20075,2.15593
1.6749999999999998,4.6,115051,7.04469,2635,0.14182,5e-05,1.28908,1.14412,1.47487
1.6749999999999998,5.5,143101,4.01787,6132,0.15615,3e-05,0.91468,1.0887,0.99581
1.6749999999999998,6.5,143568,1.89351,9055,0.10765,2e-05,0.65468,1.03836,0.67979
1.6749999999999998,7.5,143289,0.96641,11178,0.06209,1e-05,0.48517,0.99647,0.48346
1.6749999999999998,8.5,143266,0.53495,13361,0.03945,1e-05,0.37451,0.96082,0.35984
1.6749999999999998,10.0,286437,0.50698,30226,0.0422,1e-05,0.2764,0.91596,0.25317
1.6749999999999998,12.0,286519,0.20474,30904,0.01917,0.0,0.18616,0.86759,0.16151
1.6749999999999998,14.0,286663,0.09429,29658,0.00835,0.0,0.13374,0.82833,0.11078
1.6749999999999998,16.5,429545,0.06247,36950,0.00469,0.0,0.09619,0.78815,0.07581
1.6749999999999998,19.5,430362,0.02619,27429,0.00153,0.0,0.06678,0.74904,0.05002
1.6749999999999998,23.0,574391,0.01498,22887,0.00061,0.0,0.04762,0.71209,0.03391
1.6749999999999998,27.5,717246,0.00743,10671,0.00014,0.0,0.03294,0.67395,0.0222
1.725,3.85,100752,16.3991,798,0.09067,8e-05,2.10081,1.20075,2.52255
1.725,4.6,114850,8.94238,2841,0.16713,5e-05,1.52466,1.14412,1.7444
1.725,5.5,143713,5.19546,6294,0.18007,3e-05,1.09122,1.0887,1.18801
1.725,6.5,143513,2.45195,9499,0.12732,2e-05,0.78316,1.03836,0.8132
1.725,7.5,143361,1.27178,11708,0.07758,2e-05,0.58769,0.99647,0.58562
1.725,8.5,143112,0.70591,13732,0.04902,1e-05,0.45459,0.96082,0.43678
1.725,10.0,287256,0.67829,30908,0.05312,1e-05,0.33788,0.91596,0.30949
1.725,12.0,287000,0.27689,31742,0.02315,0.0,0.22964,0.86759,0.19924
1.725,14.0,286858,0.12856,29866,0.01013,0.0,0.16611,0.82833,0.13759
1.725,16.5,430585,0.08626,37543,0.0057,0.0,0.12051,0.78815,0.09498
1.725,19.5,431323,0.03652,27847,0.00185,0.0,0.0843,0.74904,0.06314
1.725,23.0,573792,0.02103,23297,0.00073,0.0,0.06058,0.71209,0.04314
1.725,27.5,716580,0.01051,11156,0.00017,0.0,0.04215,0.67395,0.02841
1.775,3.85,100011,15.23056,823,0.0964,8e-05,1.84682,1.20075,2.21757
1.775,4.6,114092,8.29839,2973,0.18809,5e-05,1.33271,1.14412,1.52478
1.775,5.5,143493,4.84571,6439,0.20052,4e-05,0.9501,1.0887,1.03437
1.775,6.5,143135,2.28202,9756,0.14192,2e-05,0.67885,1.03836,0.70489
1.775,7.5,143750,1.19495,11968,0.08691,2e-05,0.51014,0.99647,0.50834
1.775,8.5,142889,0.66052,14032,0.0563,1e-05,0.39375,0.96082,0.37832
1.775,10.0,286588,0.63636,31414,0.06059,1e-05,0.29284,0.91596,0.26823
1.775,12.0,287775,0.26102,32196,0.02637,0.0,0.19841,0.86759,0.17214
1.775,14.0,287781,0.12133,30166,0.01146,0.0,0.14326,0.82833,0.11867
1.775,16.5,430583,0.08074,37724,0.00647,0.0,0.10317,0.78815,0.08132
1.775,19.5,429765,0.03399,28206,0.00215,0.0,0.07186,0.74904,0.05383
1.775,23.0,574293,0.01964,24060,0.00086,0.0,0.05147,0.71209,0.03665
1.775,27.5,717597,0.00979,11828,0.00019,0.0,0.0356,0.67395,0.024
1.825,3.85,100138,15.18503,838,0.10595,9e-05,1.7373,1.20075,2.08606
1.825,4.6,114935,8.37014,3285,0.22218,6e-05,1.25538,1.14412,1.43631
1.825,5.5,143393,4.91216,6938,0.22832,4e-05,0.9032,1.0887,0.98331
1.825,6.5,142680,2.32402,10097,0.15701,3e-05,0.64771,1.03836,0.67256
1.825,7.5,143104,1.21674,12239,0.09549,2e-05,0.48595,0.99647,0.48423
1.825,8.5,142775,0.67606,14485,0.06251,1e-05,0.37476,0.96082,0.36007
1.825,10.0,286776,0.65492,32154,0.06621,1e-05,0.27905,0.91596,0.2556
1.825,12.0,286969,0.26943,31739,0.02831,0.0,0.18971,0.86759,0.16459
1.825,14.0,285876,0.12474,30149,0.01253,0.0,0.13665,0.82833,0.11319
1.825,16.5,430608,0.08419,37698,0.00714,0.0,0.0989,0.78815,0.07795
1.825,19.5,429172,0.03551,28236,0.00236,0.0,0.06897,0.74904,0.05166
1.825,23.0,573841,0.02051,24286,0.00095,0.0,0.04923,0.71209,0.03505
1.825,27.5,717143,0.01029,12046,0.00021,0.0,0.03418,0.67395,0.02303
1.875,3.85,100554,15.57805,891,0.11968,9e-05,1.68508,1.20075,2.02335
1.875,4.6,114783,8.62675,3479,0.24648,6e-05,1.22491,1.14412,1.40145
1.875,5.5,142834,5.05794,7104,0.2468,4e-05,0.87925,1.0887,0.95724
1.875,6.5,143702,2.44539,10194,0.17255,3e-05,0.63506,1.03836,0.65942
1.875,7.5,142953,1.28303,12326,0.10556,2e-05,0.48005,0.99647,0.47836
1.875,8.5,143496,0.72309,14643,0.06779,1e-05,0.37236,0.96082,0.35777
1.875,10.0,286763,0.69917,31945,0.07266,1e-05,0.27736,0.91596,0.25405
1.875,12.0,287047,0.29189,32018,0.03073,1e-05,0.19072,0.86759,0.16546
1.875,14.0,287011,0.13688,30268,0.01386,0.0,0.1383,0.82833,0.11456
1.875,16.5,430604,0.09254,38085,0.00785,0.0,0.10041,0.78815,0.07914
1.875,19.5,430027,0.03949,28159,0.00255,0.0,0.07053,0.74904,0.05283
1.875,23.0,572946,0.02302,24623,0.00103,0.0,0.05088,0.71209,0.03623
1.875,27.5,716986,0.01163,12376,0.00024,0.0,0.03544,0.67395,0.02389
1.925,3.85,99769,15.89273,958,0.12951,0.0001,1.6524,1.20075,1.98412
1.925,4.6,114730,8.89851,3709,0.27905,6e-05,1.20053,1.14412,1.37356
1.925,5.5,143280,5.31774,7421,0.2763,4e-05,0.87175,1.0887,0.94907
1.925,6.5,143093,2.56384,10727,0.19046,3e-05,0.63033,1.03836,0.6545
1.925,7.5,143470,1.35626,12512,0.11222,2e-05,0.47529,0.99647,0.47362
1.925,8.5,143472,0.77016,14829,0.07554,1e-05,0.37199,0.96082,0.35741
1.925,10.0,287113,0.75263,32550,0.08008,1e-05,0.27884,0.91596,0.25541
1.925,12.0,286585,0.31378,32197,0.03343,1e-05,0.19143,0.86759,0.16608
1.925,14.0,285726,0.14824,30200,0.01474,0.0,0.13991,0.82833,0.1159
1.925,16.5,429807,0.10111,37992,0.00844,0.0,0.10197,0.78815,0.08037
1.925,19.5,429510,0.0434,28300,0.00276,0.0,0.07182,0.74904,0.0538
1.925,23.0,573016,0.02552,25084,0.00111,0.0,0.05208,0.71209,0.03708
1.925,27.5,718437,0.01309,12506,0.00025,0.0,0.03666,0.67395,0.02471
1.975,3.85,99658,16.50571,1008,0.14391,0.0001,1.64527,1.20075,1.97556
1.975,4.6,113492,9.26573,3860,0.30953,7e-05,1.20516,1.14412,1.37885
1.975,5.5,141075,5.47804,7574,0.28529,4e-05,0.86636,1.0887,0.94321
1.975,6.5,141832,2.67077,10877,0.1985,3e-05,0.62706,1.03836,0.65111
1.975,7.5,141724,1.41229,12818,0.12218,2e-05,0.47291,0.99647,0.47124
1.975,8.5,141360,0.80486,15137,0.07982,2e-05,0.37153,0.96082,0.35697
1.975,10.0,284638,0.7878,32377,0.08379,1e-05,0.27642,0.91596,0.25319
1.975,12.0,284074,0.3288,32034,0.03495,1e-05,0.18941,0.86759,0.16433
1.975,14.0,285969,0.15752,30096,0.0156,0.0,0.13869,0.82833,0.11488
1.975,16.5,426771,0.10629,37711,0.00876,0.0,0.10054,0.78815,0.07924
1.975,19.5,428635,0.04579,28680,0.00297,0.0,0.07055,0.74904,0.05284
1.975,23.0,570984,0.0268,25315,0.00118,0.0,0.05087,0.71209,0.03622
1.975,27.5,716506,0.0137,12764,0.00026,0.0,0.03558,0.67395,0.02398
2.025,3.25,71856,22.0109,1,0.00036,0.00015,2.04286,1.25573,2.56527
2.025,3.85,100562,16.27699,1057,0.15389,0.0001,1.54564,1.20075,1.85592
2.025,4.6,114535,9.09353,3985,0.31726,7e-05,1.12195,1.14412,1.28365
2.025,5.5,143129,5.44917,7955,0.29863,5e-05,0.80994,1.0887,0.88178
2.025,6.5,143192,2.66338,10904,0.20196,3e-05,0.58852,1.03836,0.6111
2.025,7.5,142943,1.40706,13238,0.12893,2e-05,0.44259,0.99647,0.44103
2.025,8.5,143566,0.80471,15161,0.08348,2e-05,0.34571,0.96082,0.33216
2.025,10.0,287869,0.7916,32507,0.08604,1e-05,0.25882,0.91596,0.23706
2.025,12.0,285722,0.329,32204,0.0366,1e-05,0.17703,0.86759,0.15359
2.025,14.0,286424,0.15624,30106,0.01584,0.0,0.12871,0.82833,0.10661
2.025,16.5,430656,0.10654,37504,0.00895,0.0,0.09336,0.78815,0.07358
2.025,19.5,430011,0.04581,28864,0.00304,0.0,0.0656,0.74904,0.04914
2.025,23.0,574031,0.0268,25563,0.00125,0.0,0.04708,0.71209,0.03352
2.025,27.5,716929,0.01367,12800,0.00028,0.0,0.03293,0.67395,0.02219
2.075,3.85,99906,16.23849,1072,0.15859,0.00011,1.49724,1.20075,1.79781
2.075,4.6,114676,9.17069,4139,0.32775,7e-05,1.08564,1.14412,1.2421
2.075,5.5,142804,5.49695,7959,0.3052,5e-05,0.7836,1.0887,0.8531
2.075,6.5,143035,2.6881,11016,0.20868,3e-05,0.567,1.03836,0.58875
2.075,7.5,142701,1.4341,13251,0.13112,2e-05,0.42963,0.99647,0.42811
2.075,8.5,143352,0.81456,15349,0.08517,2e-05,0.33242,0.96082,0.31939
2.075,10.0,286838,0.80227,32411,0.08835,1e-05,0.24895,0.91596,0.22803
2.075,12.0,287476,0.33559,31887,0.03615,1e-05,0.16919,0.86759,0.14679
2.075,14.0,286341,0.15863,29792,0.01598,0.0,0.12292,0.82833,0.10182
2.075,16.5,430856,0.10797,37591,0.00926,0.0,0.0887,0.78815,0.06991
2.075,19.5,429785,0.04635,28797,0.00314,0.0,0.06213,0.74904,0.04654
2.075,23.0,574252,0.02714,25660,0.00127,0.0,0.04448,0.71209,0.03167
2.075,27.5,716292,0.01377,12723,0.00029,0.0,0.03088,0.67395,0.02081
2.125,3.25,71663,22.01407,1,0.00024,0.00016,1.92819,1.25573,2.42128
2.125,3.85,100531,16.32664,1145,0.16123,0.00011,1.4478,1.20075,1.73845
2.125,4.6,114570,9.30307,4289,0.33475,8e-05,1.06244,1.14412,1.21556
2.125,5.5,143298,5.58604,8181,0.31289,5e-05,0.76183,1.0887,0.8294
2.125,6.5,143211,2.75986,11272,0.21186,3e-05,0.55622,1.03836,0.57755
2.125,7.5,144028,1.48158,13556,0.13432,2e-05,0.41949,0.99647,0.41801
2.125,8.5,143690,0.84518,15529,0.08741,2e-05,0.32745,0.96082,0.31462
2.125,10.0,287211,0.82625,32422,0.08877,1e-05,0.24294,0.91596,0.22252
2.125,12.0,287419,0.34667,32258,0.03653,1e-05,0.16533,0.86759,0.14344
2.125,14.0,287064,0.16398,29542,0.01601,0.0,0.11957,0.82833,0.09904
2.125,16.5,430246,0.11187,37490,0.00946,0.0,0.08659,0.78815,0.06825
2.125,19.5,430147,0.04799,28968,0.00324,0.0,0.06033,0.74904,0.04519
2.125,23.0,573121,0.02805,25241,0.0013,0.0,0.04312,0.71209,0.0307
2.125,27.5,716979,0.01429,12565,0.00029,0.0,0.02989,0.67395,0.02015
2.175,3.85,100035,16.3361,1210,0.16143,0.00012,1.41313,1.20075,1.69682
2.175,4.6,115054,9.31099,4453,0.34904,8e-05,1.02365,1.14412,1.17118
2.175,5.5,143015,5.64244,8555,0.33057,5e-05,0.74248,1.0887,0.80833
2.175,6.5,143558,2.79394,11417,0.2173,4e-05,0.53902,1.03836,0.55969
2.175,7.5,143496,1.49686,13749,0.13997,3e-05,0.40702,0.99647,0.40559
2.175,8.5,143446,0.85622,15298,0.08777,2e-05,0.31717,0.96082,0.30475
2.175,10.0,286072,0.83647,32060,0.08938,1e-05,0.23498,0.91596,0.21524
2.175,12.0,286797,0.35307,31844,0.03734,1e-05,0.16008,0.86759,0.13889
2.175,14.0,286127,0.16673,29737,0.01661,1e-05,0.11541,0.82833,0.0956
2.175,16.5,430134,0.11376,37113,0.00947,0.0,0.08312,0.78815,0.06551
2.175,19.5,430215,0.04902,28639,0.00331,0.0,0.05799,0.74904,0.04344
2.175,23.0,573261,0.0286,25709,0.00133,0.0,0.04126,0.71209,0.02938
2.175,27.5,717063,0.01456,12384,0.00029,0.0,0.02852,0.67395,0.01922
2.225,3.25,71398,21.66629,1,0.00042,0.00017,1.81403,1.25573,2.27793
2.225,3.85,100270,16.5027,1316,0.18063,0.00012,1.38628,1.20075,1.66457
2.225,4.6,114401,9.4196,4632,0.36649,8e-05,1.00969,1.14412,1.15522
2.225,5.5,143569,5.78291,8632,0.34075,6e-05,0.73202,1.0887,0.79695
2.225,6.5,143781,2.85703,11559,0.22476,4e-05,0.5296,1.03836,0.54991
2.225,7.5,143739,1.52949,13936,0.14251,3e-05,0.3984,0.99647,0.39699
2.225,8.5,143504,0.8719,15241,0.08866,2e-05,0.30904,0.96082,0.29694
2.225,10.0,286412,0.85237,32546,0.09225,1e-05,0.22825,0.91596,0.20907
2.225,12.0,286637,0.35993,31768,0.03755,1e-05,0.15533,0.86759,0.13476
2.225,14.0,288309,0.17152,29132,0.01659,1e-05,0.1118,0.82833,0.09261
2.225,16.5,430266,0.11666,37180,0.0099,0.0,0.08064,0.78815,0.06356
2.225,19.5,430104,0.04977,28798,0.00341,0.0,0.05559,0.74904,0.04164
2.225,23.0,573195,0.0291,25626,0.00138,0.0,0.03954,0.71209,0.02815
2.225,27.5,715851,0.01473,12022,0.00029,0.0,0.02714,0.67395,0.01829
2.275,3.85,99843,16.67894,1397,0.19338,0.00012,1.37314,1.20075,1.6488
2.275,4.6,115190,9.74779,4709,0.38159,8e-05,1.00867,1.14412,1.15404
2.275,5.5,143038,5.95725,8756,0.33425,6e-05,0.73286,1.0887,0.79786
2.275,6.5,142924,2.94979,11705,0.22898,4e-05,0.53076,1.03836,0.55112
2.275,7.5,143223,1.57415,13969,0.14178,3e-05,0.39592,0.99647,0.39453
2.275,8.5,143553,0.90719,15484,0.09148,2e-05,0.30852,0.96082,0.29644
2.275,10.0,288100,0.8966,32466,0.09351,1e-05,0.2284,0.91596,0.20921
2.275,12.0,286811,0.37755,31511,0.03872,1e-05,0.15531,0.86759,0.13475
2.275,14.0,286728,0.17953,29234,0.01719,1e-05,0.11194,0.82833,0.09272
2.275,16.5,430259,0.12189,36776,0.01008,0.0,0.07994,0.78815,0.06301
2.275,19.5,430532,0.05235,28420,0.00351,0.0,0.05527,0.74904,0.0414
2.275,23.0,573659,0.03053,25348,0.00141,0.0,0.03912,0.71209,0.02786
2.275,27.5,716309,0.01541,11903,0.0003,0.0,0.02669,0.67395,0.01799
2.325,3.25,71586,22.50384,2,0.00012,0.00017,1.80782,1.25573,2.27014
2.325,3.85,100465,16.97432,1542,0.2123,0.00012,1.35857,1.20075,1.6313
2.325,4.6,114514,9.81822,4785,0.37563,9e-05,0.99579,1.14412,1.1393
2.325,5.5,143331,6.07443,8758,0.34325,6e-05,0.72387,1.0887,0.78808
2.325,6.5,143438,3.01494,11790,0.23969,4e-05,0.52287,1.03836,0.54293
2.325,7.5,143374,1.62396,13817,0.14658,3e-05,0.39356,0.99647,0.39217
2.325,8.5,143959,0.94827,15292,0.09203,2e-05,0.30943,0.96082,0.29731
2.325,10.0,286549,0.93106,32238,0.0953,1e-05,0.22876,0.91596,0.20953
2.325,12.0,287426,0.39224,31066,0.03879,1e-05,0.15396,0.86759,0.13357
2.325,14.0,286734,0.18736,28795,0.01741,1e-05,0.11141,0.82833,0.09228
2.325,16.5,429680,0.12723,36072,0.01028,0.0,0.07947,0.78815,0.06263
2.325,19.5,430136,0.05449,28313,0.00357,0.0,0.05462,0.74904,0.04091
2.325,23.0,573386,0.03182,25041,0.00147,0.0,0.03858,0.71209,0.02747
2.325,27.5,715926,0.016,11256,0.00029,0.0,0.02616,0.67395,0.01763
2.375,3.25,71489,22.91947,11,0.00133,0.00018,1.81439,1.25573,2.27838
2.375,3.85,100323,17.52247,1643,0.22387,0.00013,1.37692,1.20075,1.65334
2.375,4.6,114678,10.22278,4944,0.3923,9e-05,1.01114,1.14412,1.15686
2.375,5.5,142864,6.26368,8792,0.33739,6e-05,0.72859,1.0887,0.79322
2.375,6.5,144480,3.16258,11771,0.23107,4e-05,0.52796,1.03836,0.54821
2.375,7.5,143595,1.7032,13759,0.14706,3e-05,0.39846,0.99647,0.39705
2.375,8.5,142979,0.97516,15341,0.09151,2e-05,0.30901,0.96082,0.29691
2.375,10.0,286890,0.96977,32268,0.09728,1e-05,0.22885,0.91596,0.20961
2.375,12.0,287186,0.41094,30985,0.03989,1e-05,0.15473,0.86759,0.13424
2.375,14.0,287028,0.19588,28342,0.01788,1e-05,0.11122,0.82833,0.09213
2.375,16.5,429519,0.13234,35570,0.01027,0.0,0.07883,0.78815,0.06213
2.375,19.5,430668,0.05661,27842,0.00367,0.0,0.05389,0.74904,0.04036
2.375,23.0,573101,0.03283,24259,0.00147,0.0,0.03776,0.71209,0.02689
2.375,27.5,718192,0.01648,10779,0.0003,0.0,0.0254,0.67395,0.01712
2.425,3.25,72242,22.71559,15,0.00384,0.00018,1.75473,1.25573,2.20346
2.425,3.85,100567,17.60511,1777,0.25233,0.00013,1.35585,1.20075,1.62804
2.425,4.6,114708,10.27153,4557,0.37846,9e-05,0.99408,1.14412,1.13735
2.425,5.5,142912,6.30665,8754,0.34523,6e-05,0.71505,1.0887,0.77847
2.425,6.5,143462,3.17646,11991,0.2428,4e-05,0.51895,1.03836,0.53885
2.425,7.5,143481,1.73547,13755,0.15008,3e-05,0.39372,0.99647,0.39234
2.425,8.5,143575,1.00053,15052,0.09429,2e-05,0.30521,0.96082,0.29325
2.425,10.0,286522,0.99135,31327,0.09663,2e-05,0.22574,0.91596,0.20677
2.425,12.0,286568,0.42031,30428,0.04058,1e-05,0.15235,0.86759,0.13217
2.425,14.0,286258,0.1994,27350,0.01752,1e-05,0.10876,0.82833,0.09009
2.425,16.5,430428,0.13592,34365,0.01019,0.0,0.07719,0.78815,0.06084
2.425,19.5,429302,0.05753,26454,0.00347,0.0,0.05234,0.74904,0.0392
2.425,23.0,573248,0.03338,22796,0.00139,0.0,0.03647,0.71209,0.02597
2.425,27.5,716142,0.01666,9559,0.00026,0.0,0.02438,0.67395,0.01643
